Year,Rank,Team,games_played,passes_completed,passes_attempted,percent_pass_completed,yards_gained_passing,passing_touchdowns,passing_touchdown_percentage,interceptions_thrown,percent_passes_intercepted,longest_completed_pass,yards_gained_per_pass_attempt,adjusted_yards_gained_per_pass_attempt,yards_gained_per_pass_completion,yards_gained_per_game_played,quarterback_rating,times_sacked,yards_lost_due_to_sacks,NY/A,net_yards_gained_per_pass_attempt,percentage_of_times_sacked_while_passing,comebacks_led_by_QB,game_winning_drives_by_qb,expected_points_contributed_by_passing_offense
2020,1,Dallas Cowboys,5,161,236,68.2,1907,10,4.2,4,1.7,58,8.4,8.5,12.3,381.4,100.9,11,71,7.7,7.8,4.5,2,2,47.68
2020,2,Buffalo Bills,5,134,194,69.1,1540,14,7.2,3,1.5,49,8.3,9.1,12.0,308.0,111.9,10,71,7.5,8.3,4.9,2,2,84.84
2020,3,Kansas City Chiefs,5,123,193,63.7,1439,13,6.7,1,0.5,54,7.6,8.8,12.0,287.8,107.3,6,35,7.2,8.3,3.0,1,1,77.65
2020,4,Carolina Panthers,5,130,178,73.0,1409,6,3.4,3,1.7,75,8.2,8.1,11.2,281.8,101.3,8,51,7.6,7.5,4.3,,,51.71
2020,5,Seattle Seahawks,5,123,169,72.8,1402,19,11.2,3,1.8,62,8.9,10.3,12.2,280.4,129.8,15,100,7.6,9.0,8.2,2,2,72.50
2020,6,Las Vegas Raiders,5,128,175,73.1,1392,11,6.3,1,0.6,72,8.2,9.2,11.3,278.4,115.9,8,50,7.6,8.6,4.4,1,2,74.65
2020,7,Atlanta Falcons,5,129,205,62.9,1380,7,3.4,3,1.5,63,7.2,7.2,11.4,276.0,89.7,11,92,6.4,6.4,5.1,,,33.42
2020,8,Houston Texans,5,109,163,66.9,1373,9,5.5,5,3.1,44,8.9,8.6,13.3,274.6,100.5,17,78,7.6,7.4,9.4,,,40.65
2020,9,Jacksonville Jaguars,5,137,196,69.9,1340,10,5.1,4,2.0,51,7.3,7.4,10.5,268.0,99.4,17,99,6.3,6.4,8.0,1,1,32.75
2020,10,Los Angeles Chargers,5,113,171,66.1,1339,9,5.3,3,1.8,72,8.2,8.5,12.4,267.8,101.6,11,64,7.4,7.6,6.0,1,1,36.13
2020,11,Tampa Bay Buccaneers,5,126,196,64.3,1328,12,6.1,4,2.0,50,7.0,7.3,10.9,265.6,96.8,8,47,6.5,6.8,3.9,1,1,33.22
2020,12,Los Angeles Rams,5,109,152,71.7,1320,8,5.3,3,2.0,56,9.0,9.2,12.6,264.0,108.8,7,52,8.3,8.5,4.4,,,56.73
2020,13,New Orleans Saints,5,126,178,70.8,1317,9,5.1,3,1.7,52,7.7,7.9,10.9,263.4,102.9,7,52,7.1,7.4,3.8,1,1,51.32
2020,14,Miami Dolphins,5,120,170,70.6,1303,7,4.1,5,2.9,70,7.9,7.4,11.2,260.6,95.3,8,41,7.3,6.8,4.5,,,51.86
2020,15,Arizona Cardinals,5,126,181,69.6,1272,8,4.4,6,3.3,54,7.2,6.6,10.3,254.4,90.9,8,27,6.7,6.1,4.2,1,1,31.76
2020,16,Indianapolis Colts,5,111,158,70.3,1220,4,2.5,5,3.2,45,7.9,7.0,11.2,244.0,88.7,5,24,7.5,6.6,3.1,,,39.79
2020,17,Green Bay Packers,4,98,139,70.5,1179,13,9.4,0,0.0,72,8.7,10.6,12.4,294.8,128.4,3,35,8.3,10.1,2.1,0,1,83.79
2020,18,San Francisco 49ers,5,114,176,64.8,1176,7,4.0,5,2.8,76,7.5,7.0,11.5,235.2,88.6,18,137,6.1,5.6,9.3,,,24.20
2020,19,Cincinnati Bengals,5,135,207,65.2,1149,6,2.9,3,1.4,42,6.3,6.2,9.7,229.8,86.3,22,155,5.0,5.0,9.6,,,4.03
2020,20,Chicago Bears,5,123,199,61.8,1139,11,5.5,6,3.0,37,6.2,6.0,10.1,227.8,85.4,11,101,5.4,5.2,5.2,3,3,12.70
2020,21,Minnesota Vikings,5,89,139,64.0,1077,8,5.8,7,5.0,71,8.1,7.0,12.7,215.4,87.6,13,55,7.1,6.1,8.6,,,28.42
2020,22,Philadelphia Eagles,5,118,196,60.2,1072,6,3.1,9,4.6,55,6.2,4.7,10.2,214.4,69.0,19,134,5.0,3.7,8.8,2,1,-12.32
2020,23,New York Giants,5,111,182,61.0,1017,2,1.1,5,2.7,41,6.1,5.1,10.0,203.4,70.6,16,94,5.1,4.2,8.1,,,-10.21
2020,24,Cleveland Browns,5,95,154,61.7,991,10,6.5,4,2.6,43,6.7,6.8,10.9,198.2,92.2,7,40,6.2,6.3,4.3,1,1,36.74
2020,25,Tennessee Titans,4,91,132,68.9,983,9,6.8,1,0.8,63,7.6,8.6,11.0,245.8,110.8,4,21,7.2,8.2,2.9,2,3,59.77
2020,26,Pittsburgh Steelers,4,100,143,69.9,958,10,7.0,1,0.7,84,7.1,8.2,10.2,239.5,110.4,6,58,6.4,7.5,4.0,1,1,54.59
2020,27,Detroit Lions,4,83,137,60.6,929,8,5.8,3,2.2,50,7.4,7.6,12.3,232.3,93.8,12,88,6.2,6.4,8.1,1,1,29.94
2020,28,Washington Football Team,5,107,176,60.8,908,4,2.3,3,1.7,40,6.0,5.7,9.8,181.6,78.1,21,142,4.6,4.3,10.7,1,1,-24.85
2020,29,Baltimore Ravens,5,88,138,63.8,894,9,6.5,3,2.2,47,7.1,7.4,11.1,178.8,97.3,12,79,6.0,6.3,8.0,,,17.19
2020,30,New York Jets,5,102,173,59.0,880,4,2.3,4,2.3,69,5.8,5.2,9.8,176.0,73.4,15,123,4.7,4.1,8.0,,,-33.64
2020,31,New England Patriots,4,82,128,64.1,865,3,2.3,5,3.9,49,7.1,5.8,11.0,216.3,76.4,7,39,6.4,5.2,5.2,,,6.87
2020,32,Denver Broncos,4,85,142,59.9,857,6,4.2,6,4.2,48,6.8,5.7,11.3,214.3,76.7,13,106,5.5,4.6,8,,,
2019,1,Tampa Bay Buccaneers,16,382,630,60.6,4845,33,5.2,30,4.8,71,8.1,7.0,13.4,302.8,84.1,47,282,7.2,6.1,6.9,2,2,95.89
2019,2,Dallas Cowboys,16,388,597,65.0,4751,30,5.0,11,1.8,62,8.2,8.4,12.6,296.9,99.5,23,151,7.7,7.8,3.7,,,179.23
2019,3,Atlanta Falcons,16,459,684,67.1,4714,29,4.2,15,2.2,93,7.4,7.2,11.0,294.6,93.8,50,335,6.4,6.3,6.8,3,2,129.42
2019,4,Los Angeles Rams,16,397,632,62.8,4499,22,3.5,17,2.7,66,7.4,6.9,11.8,281.2,85.6,22,170,6.9,6.4,3.4,1,2,88.77
2019,5,Kansas City Chiefs,16,378,576,65.6,4498,30,5.2,5,0.9,83,8.1,8.8,12.4,281.1,104.4,25,192,7.5,8.1,4.2,2,2,247.81
2019,6,Los Angeles Chargers,16,394,597,66.0,4426,24,4.0,20,3.4,84,7.8,7.1,11.8,276.6,89.0,34,222,7.0,6.3,5.4,1,2,118.36
2019,7,New Orleans Saints,16,418,581,71.9,4244,36,6.2,6,1.0,61,7.6,8.4,10.6,265.3,110.2,25,187,7.0,7.7,4.1,2,4,180.79
2019,8,New England Patriots,16,378,620,61.0,3961,25,4.0,9,1.5,59,6.7,6.9,11.0,247.6,88.2,28,192,6.1,6.3,4.3,1,1,77.78
2019,9,Oakland Raiders,16,367,523,70.2,3926,22,4.2,8,1.5,75,7.9,8.0,11.2,245.4,101.0,29,184,7.1,7.3,5.3,2,3,109.15
2019,10,Detroit Lions,16,344,571,60.2,3900,28,4.9,15,2.6,75,7.3,7.1,12.2,243.8,88.2,43,287,6.4,6.2,7.0,2,1,69.11
2019,11,Philadelphia Eagles,16,391,613,63.8,3833,27,4.4,8,1.3,53,6.6,6.9,10.4,239.6,92.1,37,230,5.9,6.2,5.7,2,4,81.78
2019,12,Miami Dolphins,16,371,615,60.3,3804,22,3.6,18,2.9,51,6.7,6.1,11.1,237.8,80.0,58,313,5.7,5.1,8.6,3,4,35.26
2019,13,San Francisco 49ers,16,331,478,69.2,3792,28,5.9,13,2.7,75,8.4,8.4,12.2,237.0,103.1,36,237,7.4,7.3,7.0,4,4,149.98
2019,14,Seattle Seahawks,16,341,517,66.0,3791,31,6.0,6,1.2,60,7.9,8.6,12.1,236.9,105.3,48,319,6.7,7.3,8.5,4,5,135.88
2019,15,Houston Texans,16,355,534,66.5,3783,27,5.1,14,2.6,54,7.6,7.5,11.5,236.4,95.3,49,300,6.5,6.3,8.4,3,5,120.55
2019,16,Jacksonville Jaguars,16,364,589,61.8,3760,24,4.1,8,1.4,70,6.8,7.0,11.1,235.0,90.0,42,263,6.0,6.1,6.7,3,3,22.45
2019,17,Green Bay Packers,16,356,573,62.1,3733,26,4.5,4,0.7,74,7.0,7.6,11.3,233.3,95.3,36,284,6.1,6.7,5.9,2,3,133.36
2019,18,New York Giants,16,376,607,61.9,3731,30,4.9,17,2.8,75,6.7,6.4,10.8,233.2,86.4,43,339,5.7,5.5,6.6,1,2,1.19
2019,19,Cincinnati Bengals,16,356,616,57.8,3652,18,2.9,16,2.6,66,6.5,5.9,11.2,228.3,76.2,48,342,5.5,5.0,7.2,,,-25.99
2019,20,Carolina Panthers,16,382,633,60.3,3650,17,2.7,21,3.3,52,6.5,5.6,10.8,228.1,74.7,58,484,5.3,4.4,8.4,0,1,-12.64
2019,21,Tennessee Titans,16,297,448,66.3,3582,29,6.5,8,1.8,91,8.8,9.3,13.3,223.9,108.3,56,374,7.1,7.5,11.1,2,3,94.26
2019,22,Cleveland Browns,16,318,539,59.0,3554,22,4.1,21,3.9,89,7.1,6.2,12.1,222.1,78.4,41,293,6.1,5.3,7.1,1,1,31.79
2019,23,Minnesota Vikings,16,319,466,68.5,3523,26,5.6,8,1.7,66,8.0,8.3,11.7,220.2,103.9,28,206,7.1,7.5,5.7,1,1,124.69
2019,24,Arizona Cardinals,16,355,554,64.1,3477,20,3.6,12,2.2,88,6.9,6.6,10.7,217.3,87.0,50,320,5.8,5.5,8.3,1,2,35.16
2019,25,Chicago Bears,16,371,580,64.0,3291,20,3.4,12,2.1,53,6.2,5.9,9.6,205.7,83.9,45,282,5.3,5.0,7.2,3,3,9.95
2019,26,Buffalo Bills,16,299,513,58.3,3229,21,4.1,12,2.3,53,6.8,6.5,11.6,201.8,82.8,40,247,5.8,5.6,7.2,4,5,14.89
2019,27,Baltimore Ravens,16,289,440,65.7,3225,37,8.4,8,1.8,83,7.6,8.5,11.6,201.6,109.0,28,125,6.9,7.7,6.0,1,2,149.06
2019,28,Denver Broncos,16,312,504,61.9,3115,16,3.2,10,2.0,75,6.7,6.5,10.9,194.7,84.1,41,286,5.7,5.5,7.5,1,2,12.57
2019,29,New York Jets,16,323,521,62.0,3111,19,3.6,16,3.1,92,6.6,6.0,10.7,194.4,80.6,52,332,5.4,4.8,9.1,2,3,-54.05
2019,30,Indianapolis Colts,16,307,513,59.8,3108,22,4.3,10,1.9,50,6.5,6.4,10.8,194.3,85.0,32,206,5.7,5.7,5.9,2,2,51.76
2019,31,Pittsburgh Steelers,16,315,510,61.8,2981,18,3.5,19,3.7,79,6.3,5.3,10.2,186.3,76.1,32,233,5.5,4.6,5.9,1,2,-6.50
2019,32,Washington Redskins,16,298,479,62.2,2812,18,3.8,13,2.7,75,6.7,6.2,10.8,175.8,83.0,50,393,5.3,4.9,9.5,1,1,-45
2018,1,Tampa Bay Buccaneers,16,408,625,65.3,5125,36,5.8,26,4.2,75,8.6,7.9,13.1,320.3,94.1,41,233,7.7,7.0,6.2,0,1,159.05
2018,2,Pittsburgh Steelers,16,459,689,66.6,5008,35,5.1,17,2.5,97,7.5,7.4,11.3,313.0,95.5,24,166,7.0,6.9,3.4,2,3,161.94
2018,3,Kansas City Chiefs,16,385,583,66.0,4955,50,8.6,12,2.1,89,8.8,9.6,13.3,309.7,113.8,26,171,8.1,8.9,4.3,2,2,266.71
2018,4,Atlanta Falcons,16,428,617,69.4,4653,36,5.8,7,1.1,75,8.0,8.7,11.6,290.8,108.0,42,296,7.1,7.7,6.4,1,1,180.60
2018,5,Los Angeles Rams,16,368,568,64.8,4507,32,5.6,12,2.1,70,8.3,8.5,12.9,281.7,100.7,33,223,7.5,7.7,5.5,4,4,173.99
2018,6,Indianapolis Colts,16,432,644,67.1,4461,39,6.1,15,2.3,68,7.1,7.3,10.6,278.8,98.2,18,134,6.7,6.9,2.7,3,3,148.05
2018,7,Philadelphia Eagles,16,422,599,70.5,4275,29,4.8,11,1.8,83,7.6,7.7,10.7,267.2,100.7,40,249,6.7,6.8,6.3,4,4,129.50
2018,8,New England Patriots,16,378,574,65.9,4258,29,5.1,11,1.9,63,7.7,7.8,11.7,266.1,97.8,21,147,7.2,7.3,3.5,1,2,194.27
2018,9,Green Bay Packers,16,392,640,61.3,4238,25,3.9,4,0.6,75,7.2,7.7,11.8,264.9,93.7,53,391,6.1,6.6,7.6,3,3,71.30
2018,10,Los Angeles Chargers,16,348,512,68.0,4089,32,6.3,12,2.3,75,8.4,8.6,12.4,255.6,104.9,34,227,7.5,7.7,6.2,3,3,168.12
2018,11,New York Giants,16,382,583,65.5,4047,23,3.9,12,2.1,58,7.6,7.4,11.5,252.9,92.7,47,358,6.4,6.3,7.5,1,2,77.66
2018,12,New Orleans Saints,16,381,519,73.4,4042,33,6.4,7,1.3,72,8.0,8.7,11.0,252.6,112.3,20,132,7.5,8.1,3.7,6,7,215.12
2018,13,Minnesota Vikings,16,425,606,70.1,4036,30,5.0,10,1.7,75,7.1,7.3,10.1,252.3,99.7,40,262,6.2,6.5,6.2,1,0,52.77
2018,14,Cleveland Browns,16,353,574,61.5,4007,29,5.1,17,3.0,71,7.4,7.1,12.1,250.4,88.8,38,254,6.5,6.2,6.2,4,4,48.28
2018,15,San Francisco 49ers,16,331,532,62.2,3867,26,4.9,20,3.8,85,8.0,7.3,12.8,241.7,87.8,48,380,6.7,6.0,8.3,0,1,61.30
2018,16,Carolina Panthers,16,378,563,67.1,3836,28,5.0,16,2.8,82,7.2,6.9,10.8,239.8,92.9,32,235,6.4,6.2,5.4,2,2,80.29
2018,17,Houston Texans,16,345,506,68.2,3781,26,5.1,9,1.8,73,8.2,8.5,12.1,236.3,102.9,62,384,6.7,6.9,10.9,5,5,109.94
2018,18,Oakland Raiders,16,382,556,68.7,3751,19,3.4,10,1.8,66,7.3,7.2,10.6,234.4,93.6,52,306,6.2,6.1,8.6,3,3,30.85
2018,19,Denver Broncos,16,367,588,62.4,3695,19,3.2,15,2.6,64,6.7,6.2,10.7,230.9,82.1,34,235,5.9,5.5,5.5,3,4,26.00
2018,20,Detroit Lions,16,375,574,65.3,3576,22,3.8,12,2.1,67,6.7,6.5,10.3,223.5,88.5,41,268,5.8,5.7,6.7,0,1,67.19
2018,21,Chicago Bears,16,344,512,67.2,3564,28,5.5,14,2.7,70,7.3,7.2,10.9,222.8,95.4,33,183,6.5,6.4,6.1,2,2,97.62
2018,22,Baltimore Ravens,16,334,556,60.1,3558,18,3.2,9,1.6,74,6.7,6.6,11.1,222.4,84.0,32,150,6.1,6.0,5.4,0,1,61.49
2018,23,Dallas Cowboys,16,356,527,67.6,3538,22,4.2,8,1.5,90,7.4,7.5,10.9,221.1,96.7,56,347,6.1,6.2,9.6,3,5,64.95
2018,24,Cincinnati Bengals,16,331,542,61.1,3290,27,5.0,13,2.4,49,6.6,6.5,10.8,205.6,87.0,37,279,5.7,5.6,6.4,3,4,65.06
2018,25,New York Jets,16,299,524,57.1,3165,18,3.4,19,3.6,76,6.5,5.6,11.4,197.8,73.0,37,239,5.6,4.8,6.6,1,1,-40.27
2018,26,Jacksonville Jaguars,16,329,536,61.4,3109,15,2.8,13,2.4,80,6.4,5.9,10.4,194.3,79.1,53,322,5.3,4.8,9.0,0,1,-65.36
2018,27,Seattle Seahawks,16,280,427,65.6,3093,35,8.2,7,1.6,66,8.1,9.0,12.3,193.3,110.9,51,355,6.5,7.3,10.7,2,4,114.50
2018,28,Washington Redskins,16,311,509,61.1,3021,16,3.1,15,2.9,79,6.5,5.8,10.6,188.8,78.1,44,266,5.5,4.8,8.0,1,1,-24.87
2018,29,Tennessee Titans,16,293,437,67.0,2975,16,3.7,12,2.7,66,7.4,6.9,11.1,185.9,89.8,47,280,6.1,5.7,9.7,4,5,16.34
2018,30,Miami Dolphins,16,292,455,64.2,2900,26,5.7,13,2.9,75,7.3,7.1,11.3,181.3,93.0,52,409,5.7,5.6,10.3,4,4,-19.71
2018,31,Buffalo Bills,16,271,499,54.3,2794,13,2.6,23,4.6,75,6.2,4.6,11.4,174.6,62.6,41,288,5.2,3.7,7.6,2,3,-88.45
2018,32,Arizona Cardinals,16,283,495,57.2,2523,15,3.0,18,3.6,75,5.8,4.8,10.2,157.7,69.0,52,361,4.6,3.7,9.5,1,2,-106.25
2017,1,Los Angeles Chargers,16,366,583,62.8,4431,28,4.8,11,1.9,75,7.8,7.9,12.4,276.9,95.1,18,120,7.4,7.5,3.0,2,2,85.54
2017,2,New England Patriots,16,389,587,66.3,4418,32,5.5,8,1.4,64,7.9,8.3,11.9,276.1,102.6,35,201,7.1,7.6,5.6,2,2,197.94
2017,3,Pittsburgh Steelers,16,384,590,65.1,4380,29,4.9,15,2.5,97,7.7,7.5,11.8,273.8,94.1,24,154,7.1,7.0,3.9,3,4,84.45
2017,4,Tampa Bay Buccaneers,16,378,605,62.5,4366,26,4.3,14,2.3,70,7.6,7.4,12.2,272.9,90.6,40,241,6.8,6.6,6.2,2,3,41.13
2017,5,New Orleans Saints,16,386,536,72.0,4189,23,4.3,8,1.5,54,8.1,8.3,11.2,261.8,103.9,20,145,7.5,7.7,3.6,2,2,78.77
2017,6,Detroit Lions,16,374,570,65.6,4183,29,5.1,11,1.9,71,7.8,8.0,12.0,261.4,98.4,47,287,6.8,6.9,7.6,1,4,18.05
2017,7,Kansas City Chiefs,16,363,543,66.9,4104,26,4.8,8,1.5,79,8.0,8.3,11.9,256.5,100.8,37,222,7.1,7.4,6.4,1,4,35.89
2017,8,Atlanta Falcons,16,343,530,64.7,3990,21,4.0,12,2.3,88,7.8,7.6,12.1,249.4,92.4,24,156,7.2,7.0,4.3,2,3,56.35
2017,9,San Francisco 49ers,16,362,607,59.6,3925,15,2.5,15,2.5,83,7.0,6.4,11.7,245.3,78.8,43,310,6.0,5.5,6.6,2,2,-67.29
2017,10,Los Angeles Rams,16,320,518,61.8,3831,28,5.4,7,1.4,94,7.8,8.2,12.6,239.4,98.3,28,192,7.0,7.5,5.1,1,1,44.57
2017,11,Minnesota Vikings,16,357,527,67.7,3753,25,4.7,8,1.5,65,7.5,7.7,11.0,234.6,99.1,27,176,6.8,7.0,4.9,1,3,85.46
2017,12,Washington Redskins,16,347,540,64.3,3751,27,5.0,13,2.4,74,7.6,7.5,11.8,234.4,93.9,41,342,6.5,6.4,7.1,1,4,13.11
2017,13,Philadelphia Eagles,16,341,564,60.5,3737,38,6.7,9,1.6,72,7.0,7.7,11.6,233.6,97.6,36,230,6.2,6.8,6.0,2,3,136.52
2017,14,Seattle Seahawks,16,340,555,61.3,3657,34,6.1,12,2.2,74,7.2,7.4,11.7,228.6,94.4,43,322,6.1,6.3,7.2,2,2,11.73
2017,15,Arizona Cardinals,16,339,598,56.7,3640,21,3.5,18,3.0,52,6.7,6.0,11.7,227.5,76.2,52,339,5.6,5.0,8.0,5,5,-70.67
2017,16,Oakland Raiders,16,347,558,62.2,3631,23,4.1,14,2.5,87,6.7,6.4,10.8,226.9,85.3,24,130,6.2,5.9,4.1,1,1,-30.02
2017,17,Jacksonville Jaguars,16,316,527,60.0,3593,21,4.0,13,2.5,75,7.1,6.7,11.8,224.6,84.4,24,123,6.5,6.2,4.4,1,1,42.05
2017,18,Miami Dolphins,16,373,602,62.0,3535,24,4.0,21,3.5,65,6.3,5.5,10.2,220.9,78.7,33,257,5.6,4.8,5.2,3,4,-54.81
2017,19,New York Giants,16,373,608,61.3,3479,20,3.3,14,2.3,77,6.1,5.7,9.9,217.4,79.8,34,201,5.4,5.1,5.3,0,1,-95.57
2017,20,Denver Broncos,16,332,566,58.7,3333,19,3.4,22,3.9,54,6.5,5.4,11.0,208.3,73.0,52,335,5.4,4.4,8.4,,,-94.36
2017,21,Houston Texans,16,299,525,57.0,3278,28,5.3,17,3.2,72,6.9,6.6,12.2,204.9,82.8,54,366,5.7,5.3,9.3,1,1,-26.24
2017,22,Cleveland Browns,16,312,574,54.4,3228,15,2.6,28,4.9,56,6.2,4.5,11.3,201.8,61.4,50,309,5.2,3.6,8.0,,,-180.26
2017,23,Tennessee Titans,16,306,496,61.7,3191,14,2.8,17,3.4,75,6.8,5.9,11.1,199.4,77.1,35,203,6.0,5.1,6.6,3,4,-59.14
2017,24,New York Jets,16,323,510,63.3,3182,19,3.7,12,2.4,69,6.9,6.6,10.8,198.9,86.1,47,319,5.7,5.4,8.4,1,2,-11.78
2017,25,Green Bay Packers,16,352,562,62.6,3167,25,4.4,18,3.2,72,6.3,5.7,10.0,197.9,81.9,51,365,5.2,4.7,8.3,4,4,-62.02
2017,26,Dallas Cowboys,16,309,493,62.7,3141,22,4.5,13,2.6,81,6.7,6.5,10.8,196.3,86.3,32,185,6.0,5.7,6.1,0,4,-15.90
2017,27,Cincinnati Bengals,16,304,510,59.6,3122,25,4.9,12,2.4,77,6.6,6.6,11.1,195.1,86.0,40,264,5.7,5.6,7.3,3,3,-23.46
2017,28,Carolina Panthers,16,293,501,58.5,3077,22,4.4,16,3.2,64,6.6,6.1,11.3,192.3,79.8,35,242,5.7,5.2,6.5,1,3,-6.15
2017,29,Baltimore Ravens,16,363,567,64.0,3030,20,3.5,13,2.3,66,5.7,5.4,8.9,189.4,81.4,27,205,5.1,4.8,4.5,,,-80.15
2017,30,Indianapolis Colts,16,285,487,58.5,2892,13,2.7,9,1.8,80,6.6,6.3,11.3,180.8,79.7,56,334,5.3,5.1,10.3,0,1,-95.71
2017,31,Buffalo Bills,16,289,476,60.7,2825,16,3.4,10,2.1,47,6.5,6.2,10.7,176.6,82.1,47,261,5.4,5.2,9.0,1,3,-66.00
2017,32,Chicago Bears,16,291,473,61.5,2811,13,2.7,12,2.5,70,6.5,5.9,10.6,175.7,79.1,39,274,5.5,4.9,7.6,0,2,-73
2016,1,New Orleans Saints,16,472,674,70.0,5074,38,5.6,15,2.2,98,7.8,7.9,11.1,317.1,102.5,27,184,7.2,7.4,3.9,2,4,116.53
2016,2,Washington Redskins,16,407,607,67.1,4758,25,4.1,12,2.0,80,8.2,8.1,12.2,297.4,97.4,23,190,7.6,7.5,3.7,4,4,147.00
2016,3,Atlanta Falcons,16,374,537,69.6,4725,38,7.1,7,1.3,76,9.2,10.1,13.3,295.3,116.8,37,235,8.2,9.0,6.4,1,2,243.07
2016,4,New England Patriots,16,368,550,66.9,4308,32,5.8,2,0.4,79,8.1,9.1,12.1,269.3,109.5,24,148,7.5,8.5,4.2,2,2,231.01
2016,5,Indianapolis Colts,16,370,584,63.4,4202,32,5.5,15,2.6,64,7.7,7.6,12.1,262.6,94.5,44,289,6.7,6.6,7.0,4,4,102.28
2016,6,Pittsburgh Steelers,16,381,596,63.9,4202,33,5.5,15,2.5,72,7.3,7.3,11.5,262.6,93.9,21,175,6.8,6.8,3.4,3,3,71.45
2016,7,Green Bay Packers,16,403,620,65.0,4199,40,6.5,8,1.3,60,7.2,7.9,11.0,262.4,102.3,35,246,6.4,7.1,5.3,0,2,179.05
2016,8,San Diego Chargers,16,349,580,60.2,4198,33,5.7,21,3.6,59,7.6,7.1,12.6,262.4,87.6,36,188,6.8,6.4,5.8,1,1,62.52
2016,9,Arizona Cardinals,16,383,646,59.3,4136,28,4.3,17,2.6,80,6.8,6.5,11.6,258.5,83.5,41,289,6.0,5.7,6.0,1,3,21.20
2016,10,Seattle Seahawks,16,368,567,64.9,4124,23,4.1,12,2.1,59,7.8,7.7,12.0,257.8,93.4,42,298,6.8,6.6,6.9,4,3,61.78
2016,11,Detroit Lions,16,388,594,65.3,4111,24,4.0,10,1.7,73,7.3,7.3,11.2,256.9,93.3,37,216,6.5,6.6,5.9,8,8,76.12
2016,12,Baltimore Ravens,16,439,679,64.7,4100,20,2.9,16,2.4,95,6.4,5.9,9.9,256.3,82.6,33,243,5.8,5.3,4.6,2,2,-50.35
2016,13,Oakland Raiders,16,379,596,63.6,4051,29,4.9,7,1.2,75,6.9,7.4,10.9,253.2,95.3,18,86,6.6,7.0,2.9,7,7,63.90
2016,14,Chicago Bears,16,347,559,62.1,3969,19,3.4,19,3.4,64,7.4,6.6,11.9,248.1,81.8,28,170,6.8,6.0,4.8,,,-14.33
2016,15,Cincinnati Bengals,16,364,563,64.7,3942,18,3.2,8,1.4,86,7.5,7.5,11.6,246.4,91.8,41,264,6.5,6.5,6.8,2,1,72.64
2016,16,Tampa Bay Buccaneers,16,355,578,61.4,3926,29,5.0,18,3.1,45,7.2,6.8,11.7,245.4,87.0,35,239,6.4,6.0,5.7,1,3,78.88
2016,17,New York Giants,16,377,598,63.0,3879,26,4.3,16,2.7,75,6.7,6.4,10.7,242.4,86.0,22,148,6.3,5.9,3.5,3,6,0.05
2016,18,Minnesota Vikings,16,414,588,70.4,3836,20,3.4,5,0.9,71,7.0,7.3,9.9,239.8,97.7,38,283,6.1,6.4,6.1,1,1,49.94
2016,19,Kansas City Chiefs,16,365,546,66.8,3740,19,3.5,8,1.5,80,7.2,7.2,10.7,233.8,93.2,32,174,6.5,6.5,5.5,3,3,34.94
2016,20,Jacksonville Jaguars,16,369,626,58.9,3728,24,3.8,16,2.6,51,6.3,5.9,10.6,233.0,79.5,34,197,5.6,5.3,5.2,1,1,12.29
2016,21,Denver Broncos,16,339,570,59.5,3685,20,3.5,11,1.9,76,6.9,6.7,11.5,230.3,83.9,40,229,6.0,5.9,6.6,3,2,-9.53
2016,22,Carolina Panthers,16,306,563,54.4,3685,21,3.7,19,3.4,88,7.0,6.3,12.9,230.3,75.1,36,277,6.2,5.4,6.0,,,-12.06
2016,23,Dallas Cowboys,16,325,483,67.3,3631,25,5.2,6,1.2,83,7.9,8.3,11.7,226.9,103.0,28,168,7.1,7.6,5.5,5,5,103.88
2016,24,Philadelphia Eagles,16,380,609,62.4,3585,16,2.6,14,2.3,73,6.2,5.7,10.0,224.1,79.2,33,213,5.6,5.1,5.1,1,1,15.12
2016,25,Tennessee Titans,16,307,504,60.9,3541,29,5.8,11,2.2,60,7.4,7.5,12.1,221.3,93.7,28,179,6.7,6.8,5.3,2,2,42.90
2016,26,Miami Dolphins,16,316,477,66.2,3500,27,5.7,15,3.1,74,7.8,7.5,11.8,218.8,95.5,30,216,6.9,6.6,5.9,4,5,17.75
2016,27,New York Jets,16,311,550,56.5,3466,16,2.9,25,4.5,69,6.6,5.2,11.7,216.6,67.6,35,179,5.9,4.5,6.0,1,1,-61.88
2016,28,Cleveland Browns,16,338,567,59.6,3264,15,2.6,14,2.5,58,6.5,5.9,10.9,204.0,77.4,66,429,5.2,4.6,10.4,,,-9.70
2016,29,Houston Texans,16,347,583,59.5,3176,15,2.6,16,2.7,53,5.9,5.1,9.9,198.5,73.3,32,242,5.2,4.5,5.2,4,4,-28.35
2016,30,Buffalo Bills,16,286,474,60.3,3036,17,3.6,7,1.5,84,6.9,6.9,11.4,189.8,86.7,46,214,5.8,5.9,8.8,1,1,36.85
2016,31,Los Angeles Rams,16,312,536,58.2,2951,14,2.6,20,3.7,66,6.2,5.0,10.6,184.4,69.5,49,362,5.0,4.0,8.4,1,2,-123.49
2016,32,San Francisco 49ers,16,287,491,58.5,2911,21,4.3,10,2.0,75,6.4,6.4,11.0,181.9,83.4,47,255,5.4,5.4,8.7,1,1,-37
2015,1,New Orleans Saints,16,460,667,69.0,4970,32,4.8,12,1.8,80,7.8,8.0,11.3,310.6,100.6,32,235,7.1,7.3,4.6,1,2,179.28
2015,2,Arizona Cardinals,16,353,562,62.8,4616,35,6.2,13,2.3,68,8.5,8.7,13.5,288.5,100.9,27,159,7.8,8.0,4.6,1,4,201.00
2015,3,Pittsburgh Steelers,16,391,590,66.3,4603,26,4.4,21,3.6,88,8.2,7.5,12.3,287.7,91.2,33,219,7.4,6.7,5.3,2,3,102.05
2015,4,San Diego Chargers,16,442,667,66.3,4591,30,4.5,13,1.9,80,7.3,7.3,11.0,286.9,94.5,40,264,6.5,6.5,5.7,1,2,87.75
2015,5,New England Patriots,16,404,629,64.2,4587,36,5.7,7,1.1,76,7.7,8.3,11.9,286.7,101.9,38,225,6.9,7.5,5.7,2,2,173.24
2015,6,Atlanta Falcons,16,410,621,66.0,4379,21,3.4,17,2.7,70,7.4,6.9,11.2,273.7,87.8,32,223,6.7,6.2,4.9,4,4,123.31
2015,7,New York Giants,16,392,623,62.9,4347,36,5.8,14,2.2,87,7.2,7.4,11.5,271.7,94.5,27,157,6.7,6.8,4.2,1,2,81.80
2015,8,Baltimore Ravens,16,426,676,63.0,4271,21,3.1,21,3.1,50,6.6,5.8,10.4,266.9,79.4,24,178,6.1,5.4,3.4,3,3,11.05
2015,9,Detroit Lions,16,420,632,66.5,4212,33,5.2,14,2.2,57,7.1,7.1,10.6,263.3,95.1,44,251,6.2,6.3,6.5,2,3,78.49
2015,10,Jacksonville Jaguars,16,355,607,58.5,4108,35,5.8,18,3.0,90,7.3,7.1,12.5,256.8,88.1,51,320,6.2,6.1,7.8,3,4,48.17
2015,11,Washington Redskins,16,386,555,69.5,4095,30,5.4,11,2.0,78,7.7,7.9,11.1,255.9,102.0,27,199,7.0,7.2,4.6,2,3,131.48
2015,12,Philadelphia Eagles,16,405,623,65.0,4087,23,3.7,18,2.9,78,7.0,6.4,10.7,255.4,85.6,37,254,6.2,5.7,5.6,0,2,36.96
2015,13,New York Jets,16,362,604,59.9,4057,33,5.5,16,2.6,69,6.9,6.8,11.5,253.6,88.0,22,113,6.5,6.4,3.5,2,3,97.10
2015,14,Denver Broncos,16,368,606,60.7,3970,19,3.1,23,3.8,75,7.0,5.9,11.5,248.1,76.3,39,246,6.2,5.1,6.0,5,5,0.38
2015,15,Cincinnati Bengals,16,334,505,66.1,3923,31,6.1,9,1.8,80,8.1,8.6,12.3,245.2,104.1,32,181,7.3,7.7,6.0,3,3,143.69
2015,16,Oakland Raiders,16,373,605,61.7,3879,34,5.6,14,2.3,68,6.8,6.9,11.1,242.4,91.0,33,250,6.1,6.2,5.2,4,4,56.83
2015,17,Tampa Bay Buccaneers,16,312,535,58.3,3852,22,4.1,15,2.8,68,7.6,7.1,13.0,240.8,84.2,27,190,6.9,6.4,4.8,2,3,78.43
2015,18,Houston Texans,16,358,619,57.8,3833,29,4.7,12,1.9,61,6.6,6.7,11.4,239.6,85.3,36,246,5.9,5.9,5.5,3,3,23.79
2015,19,Miami Dolphins,16,365,588,62.1,3811,24,4.1,12,2.0,54,7.2,7.1,11.6,238.2,88.9,45,420,6.0,5.9,7.1,2,2,27.85
2015,20,Seattle Seahawks,16,333,489,68.1,3790,34,7.0,8,1.6,80,8.3,9.0,12.2,236.9,109.8,46,271,7.1,7.7,8.6,2,2,174.73
2015,21,Cleveland Browns,16,371,609,60.9,3782,20,3.3,12,2.0,61,6.8,6.6,11.2,236.4,84.0,53,374,5.7,5.5,8.0,1,1,4.27
2015,22,Indianapolis Colts,16,355,619,57.4,3704,26,4.2,19,3.1,87,6.3,5.8,11.1,231.5,77.5,37,224,5.6,5.1,5.6,2,4,14.98
2015,23,Chicago Bears,16,334,523,63.9,3663,21,4.0,12,2.3,87,7.3,7.1,11.5,228.9,89.7,34,180,6.6,6.4,6.1,4,4,49.51
2015,24,Carolina Panthers,16,300,501,59.9,3589,35,7.0,10,2.0,74,7.7,8.2,12.9,224.3,99.2,33,284,6.7,7.2,6.2,3,4,104.14
2015,25,Tennessee Titans,16,342,551,62.1,3503,25,4.5,17,3.1,61,7.1,6.6,11.4,218.9,85.5,54,390,5.8,5.4,8.9,2,2,-11.27
2015,26,Green Bay Packers,16,348,573,60.7,3503,31,5.4,8,1.4,65,6.7,7.1,11.0,218.9,92.7,47,322,5.7,6.1,7.6,2,2,91.30
2015,27,Dallas Cowboys,16,334,528,63.3,3471,16,3.0,22,4.2,67,7.0,5.7,11.0,216.9,76.6,33,206,6.2,5.0,5.9,2,3,-28.10
2015,28,Buffalo Bills,16,295,465,63.4,3343,23,4.9,9,1.9,63,7.7,7.9,12.2,208.9,95.6,42,257,6.6,6.7,8.3,1,2,40.41
2015,29,San Francisco 49ers,16,322,526,61.2,3316,16,3.0,12,2.3,76,6.9,6.5,11.3,207.3,82.6,53,330,5.7,5.3,9.2,2,2,-22.67
2015,30,Kansas City Chiefs,16,310,473,65.5,3255,20,4.2,7,1.5,80,7.4,7.6,11.3,203.4,95.4,46,238,6.3,6.4,8.9,1,1,35.53
2015,31,Minnesota Vikings,16,294,454,64.8,2928,14,3.1,9,2.0,52,7.1,6.9,11.0,183.0,87.9,45,318,5.9,5.6,9.0,1,2,18.96
2015,32,St. Louis Rams,16,273,473,57.7,2805,11,2.3,11,2.3,68,6.2,5.6,10.7,175.3,74.1,18,126,5.7,5.2,3.7,1,1,-48.78
