year,Rank,team,games_played,passes_completed,passes_attempted,pass_completion_percent,yards_gained_by_passing,passing_TDs,percentage_of_tds_thrown_when_attemptling_to_pass,interceptions_thrown,passes_defended_by_defense,percentage_of_times_intercepted_vs_passing,yards_gained_when_passing,adjusted_yards_gained_per_passing_attempt,yards_gained_per_pass_completion,yards_gained_per_game_played,QB_rating,times_sacked,yards_lost_due_to_sacks,QB_hits,tackles_for_loss,net_yards_gained_per_pass_attempt,adjusted_net_yards_per_pass_attempt,percent_times_sacked_when_attempting_pass,expected_points_contributed_by_defense
2020,1,Indianapolis Colts,5,95,155,61.3,898,7,4.5,9,26,5.8,6.2,4.5,10.2,179.6,70.0,11,70,26,19,5.4,3.8,6.6,4.95
2020,2,New England Patriots,4,84,119,70.6,935,9,7.6,4,15,3.4,8.2,8.2,11.6,233.8,106.3,6,41,19,10,7.5,7.5,4.8,-17.87
2020,3,Detroit Lions,4,80,126,63.5,939,9,7.1,4,17,3.2,7.9,7.9,12.5,234.8,98.6,5,59,16,16,7.2,7.2,3.8,-37.25
2020,4,Pittsburgh Steelers,4,85,143,59.4,950,8,5.6,6,19,4.2,7.7,6.9,12.9,237.5,84.7,20,145,50,36,5.8,5.2,12.3,-22.44
2020,5,Los Angeles Rams,5,116,181,64.1,989,5,2.8,4,21,2.2,6.2,5.7,9.7,197.8,81.3,20,131,34,24,4.9,4.5,10.0,18.29
2020,6,Green Bay Packers,4,96,133,72.2,990,7,5.3,2,12,1.5,8.1,8.5,11.2,247.5,107.2,12,86,20,15,6.8,7.2,8.3,-22.84
2020,7,Denver Broncos,4,108,166,65.1,1025,7,4.2,1,19,0.6,6.6,7.2,10.2,256.3,95.5,10,78,26,20,5.8,6.4,5.7,-24.52
2020,8,Tennessee Titans,4,97,151,64.2,1044,9,6.0,6,28,4.0,7.2,6.6,11.2,261.0,89.0,5,47,23,17,6.7,6.1,3.2,-22.66
2020,9,San Francisco 49ers,5,104,160,65.0,1078,6,3.8,3,20,1.9,7.1,7.0,10.9,215.6,90.4,10,53,31,23,6.3,6.3,5.9,-26.40
2020,10,Arizona Cardinals,5,104,167,62.3,1112,8,4.8,1,15,0.6,7.3,8.0,11.8,222.4,98.0,14,111,29,24,6.1,6.8,7.7,-28.72
2020,11,Carolina Panthers,5,125,182,68.7,1115,6,3.3,3,20,1.6,6.3,6.2,9.2,223.0,89.7,5,30,15,19,6.0,5.9,2.7,-31.54
2020,12,Kansas City Chiefs,5,99,161,61.5,1126,7,4.3,6,19,3.7,7.4,6.6,12.1,225.2,83.3,13,72,29,14,6.5,5.7,7.5,-6.77
2020,13,Washington Football Team,5,102,156,65.4,1134,9,5.8,6,12,3.8,7.9,7.3,12.0,226.8,92.6,15,95,24,26,6.6,6.1,8.8,-18.66
2020,14,Houston Texans,5,112,163,68.7,1135,9,5.5,0,13,0.0,7.4,8.5,10.8,227.0,108.8,14,78,25,19,6.4,7.4,7.9,-51.55
2020,15,Cincinnati Bengals,5,107,177,60.5,1143,7,4.0,5,26,2.8,6.7,6.2,11.1,228.6,81.7,9,40,20,15,6.1,5.7,4.8,-24.77
2020,16,Chicago Bears,5,109,190,57.4,1154,4,2.1,3,27,1.6,6.4,6.1,11.2,230.8,77.1,11,65,29,25,5.7,5.5,5.5,-13.75
2020,17,New York Giants,5,113,161,70.2,1162,8,5.0,3,22,1.9,7.8,7.9,11.1,232.4,101.7,12,88,29,31,6.7,6.9,6.9,-50.81
2020,18,New Orleans Saints,5,109,171,63.7,1186,15,8.8,3,15,1.8,7.5,8.4,11.7,237.2,108.2,13,90,32,26,6.4,7.3,7.1,-65.95
2020,19,Tampa Bay Buccaneers,5,127,179,70.9,1199,7,3.9,6,24,3.4,7.4,6.7,10.4,239.8,91.2,17,128,33,31,6.1,5.5,8.7,-12.73
2020,20,Philadelphia Eagles,5,127,181,70.2,1205,10,5.5,2,16,1.1,7.4,8.0,10.5,241.0,105.1,18,129,48,28,6.1,6.6,9.0,-41.91
2020,21,Baltimore Ravens,5,128,192,66.7,1215,6,3.1,3,21,1.6,7.0,6.9,10.5,243.0,90.8,16,131,47,24,5.8,5.8,7.7,-4.32
2020,22,Dallas Cowboys,5,111,172,64.5,1243,12,7.0,1,14,0.6,7.5,8.6,11.6,248.6,107.9,10,44,27,19,6.8,7.9,5.5,-52.77
2020,23,Miami Dolphins,5,109,165,66.1,1268,7,4.2,4,18,2.4,8.3,8.1,12.6,253.6,95.9,14,108,31,16,7.1,6.9,7.8,-14.71
2020,24,Buffalo Bills,5,128,186,68.8,1316,10,5.4,2,20,1.1,7.4,8.0,10.7,263.2,103.6,10,54,26,21,6.7,7.3,5.1,-47.22
2020,25,New York Jets,5,120,166,72.3,1328,8,4.8,5,24,3.0,8.3,7.9,11.4,265.6,100.2,7,42,22,22,7.7,7.3,4.0,-76.18
2020,26,Las Vegas Raiders,5,111,177,62.7,1334,7,4.0,3,23,1.7,7.7,7.8,12.4,266.8,92.7,7,37,25,17,7.3,7.3,3.8,-49.47
2020,27,Minnesota Vikings,5,114,171,66.7,1357,10,5.8,3,14,1.8,8.3,8.7,12.4,271.4,104.3,11,59,24,21,7.5,7.8,6.0,-50.35
2020,28,Los Angeles Chargers,5,135,205,65.9,1365,9,4.4,3,18,1.5,6.9,7.2,10.5,273.0,94.4,8,59,29,17,6.4,6.6,3.8,-27.20
2020,29,Jacksonville Jaguars,5,122,161,75.8,1401,11,6.8,5,20,3.1,8.8,8.8,11.6,280.2,111.8,5,20,24,15,8.4,8.4,3.0,-79.12
2020,30,Cleveland Browns,5,141,215,65.6,1482,12,5.6,6,22,2.8,7.3,7.2,11.1,296.4,94.1,12,87,21,21,6.5,6.4,5.3,-38.11
2020,31,Atlanta Falcons,5,148,204,72.5,1679,15,7.4,2,15,1.0,8.5,9.5,11.7,335.8,118.3,7,49,28,23,8.0,9.0,3.3,-96.85
2020,32,Seattle Seahawks,5,160,239,66.9,1852,8,3.3,7,37,2.9,7.9,7.2,11.8,370.4,89.7,9,31,33,24,7.5,6.8,3.6,-58
2019,1,San Francisco 49ers,16,318,519,61.3,2707,23,4.4,12,75,2.3,5.9,5.8,9.7,169.2,83.0,48,367,93,87,4.8,4.6,8.5,58.30
2019,2,New England Patriots,16,303,536,56.5,2886,13,2.4,25,89,4.7,6.0,4.4,10.6,180.4,62.8,47,328,102,58,5.0,3.5,8.1,117.74
2019,3,Pittsburgh Steelers,16,314,514,61.1,3113,23,4.5,20,83,3.9,6.7,5.9,11.0,194.6,79.7,54,342,118,90,5.5,4.7,9.5,20.19
2019,4,Buffalo Bills,16,348,553,62.9,3123,15,2.7,14,83,2.5,6.2,5.6,9.8,195.2,78.8,44,298,92,97,5.2,4.7,7.4,30.01
2019,5,Los Angeles Chargers,16,328,464,70.7,3204,21,4.5,11,45,2.4,7.3,7.2,10.3,200.3,96.7,30,190,67,69,6.5,6.3,6.1,-92.16
2019,6,Baltimore Ravens,16,318,544,58.5,3315,15,2.8,13,71,2.4,6.6,6.1,11.3,207.2,77.5,37,268,111,72,5.7,5.2,6.4,15.40
2019,7,Cleveland Browns,16,318,513,62.0,3470,25,4.9,14,64,2.7,7.3,7.0,11.8,216.9,89.0,38,270,82,78,6.3,6.1,6.9,-64.09
2019,8,Kansas City Chiefs,16,352,582,60.5,3543,21,3.6,16,65,2.7,6.7,6.2,11.0,221.4,80.8,45,338,96,66,5.7,5.2,7.2,-36.78
2019,9,Chicago Bears,16,362,571,63.4,3554,17,3.0,10,67,1.8,6.6,6.5,10.5,222.1,85.2,32,242,79,53,5.9,5.7,5.3,-47.04
2019,10,Dallas Cowboys,16,370,569,65.0,3576,21,3.7,7,71,1.2,6.8,7.0,10.5,223.5,91.9,39,303,90,76,5.9,6.1,6.4,-67.46
2019,11,Denver Broncos,16,348,537,64.8,3609,19,3.5,10,70,1.9,7.1,7.0,11.0,225.6,89.8,40,213,79,79,6.3,6.1,6.9,-61.45
2019,12,Los Angeles Rams,16,348,562,61.9,3625,23,4.1,13,76,2.3,7.0,6.8,11.3,226.6,86.8,50,303,93,81,5.9,5.7,8.2,-42.76
2019,13,Carolina Panthers,16,347,544,63.8,3696,21,3.9,14,67,2.6,7.3,7.0,11.5,231.0,88.0,53,301,108,78,6.2,5.8,8.9,-63.03
2019,14,Green Bay Packers,16,326,546,59.7,3721,19,3.5,17,74,3.1,7.4,6.7,12.3,232.6,81.1,41,295,94,63,6.3,5.7,7.0,-27.30
2019,15,Minnesota Vikings,16,394,601,65.6,3737,23,3.8,17,83,2.8,6.8,6.3,10.4,233.6,86.1,48,362,101,87,5.8,5.3,7.4,-34.01
2019,16,Jacksonville Jaguars,16,327,517,63.2,3778,22,4.3,10,60,1.9,7.9,7.9,12.5,236.1,93.9,47,310,104,79,6.7,6.7,8.3,-98.77
2019,17,New York Jets,16,363,585,62.1,3779,25,4.3,12,67,2.1,6.8,6.8,11.0,236.2,88.0,35,222,99,97,6.1,6.0,5.6,-79.16
2019,18,Washington Redskins,16,371,540,68.7,3823,35,6.5,13,52,2.4,7.6,7.8,11.0,238.9,102.5,46,270,95,75,6.5,6.7,7.8,-135.17
2019,19,Philadelphia Eagles,16,348,571,60.9,3865,27,4.7,11,82,1.9,7.2,7.3,11.9,241.6,90.8,43,271,106,80,6.3,6.4,7.0,-88.15
2019,20,New Orleans Saints,16,371,603,61.5,3868,27,4.5,13,78,2.2,7.0,6.9,11.3,241.8,88.3,51,333,110,80,5.9,5.8,7.8,-94.59
2019,21,Cincinnati Bengals,16,308,499,61.7,3917,25,5.0,11,58,2.2,8.3,8.3,13.4,244.8,95.4,31,204,86,59,7.4,7.4,5.8,-126.81
2019,22,Atlanta Falcons,16,351,536,65.5,3918,28,5.2,12,57,2.2,7.7,7.8,11.8,244.9,96.9,28,219,69,66,6.9,7.0,5.0,-128.75
2019,23,Indianapolis Colts,16,394,562,70.1,3982,29,5.2,15,50,2.7,7.5,7.4,10.7,248.9,98.0,41,249,82,69,6.6,6.4,6.8,-86.44
2019,24,Tennessee Titans,16,386,598,64.5,4080,25,4.2,14,72,2.3,7.3,7.1,11.3,255.0,90.4,43,276,84,71,6.4,6.2,6.7,-92.39
2019,25,Oakland Raiders,16,337,526,64.1,4107,33,6.3,9,67,1.7,8.3,8.8,12.9,256.7,103.8,32,248,64,74,7.4,7.8,5.7,-177.69
2019,26,Miami Dolphins,16,344,545,63.1,4198,39,7.2,13,66,2.4,8.0,8.3,12.7,262.4,101.9,23,155,64,48,7.4,7.7,4.0,-172.01
2019,27,Seattle Seahawks,16,383,598,64.0,4223,19,3.2,16,74,2.7,7.4,6.8,11.5,263.9,85.6,28,184,68,52,6.7,6.2,4.5,-77.18
2019,28,New York Giants,16,369,556,66.4,4225,30,5.4,10,65,1.8,8.0,8.3,12.1,264.1,101.4,36,246,98,80,7.1,7.4,6.1,-152.48
2019,29,Houston Texans,16,375,586,64.0,4276,33,5.6,12,75,2.0,7.7,7.9,12.0,267.3,97.6,31,215,91,51,6.9,7.1,5.0,-160.60
2019,30,Tampa Bay Buccaneers,16,408,664,61.4,4322,30,4.5,12,96,1.8,7.0,7.1,11.4,270.1,90.0,47,325,117,87,6.1,6.2,6.6,-38.17
2019,31,Arizona Cardinals,16,421,601,70.0,4510,38,6.3,7,56,1.2,8.0,8.7,11.4,281.9,109.9,40,275,91,91,7.0,7.7,6.2,-190.81
2019,32,Detroit Lions,16,381,611,62.4,4551,33,5.4,7,73,1.1,7.8,8.3,12.4,284.4,99.6,28,188,70,49,7.1,7.7,4.4,-162.94
2018,1,Buffalo Bills,16,313,492,63.6,2867,22,4.5,16,73,3.3,6.3,5.7,9.9,179.2,82.6,36,217,87,88,5.4,4.9,6.8,-5.19
2018,2,Jacksonville Jaguars,16,312,499,62.5,3113,17,3.4,11,52,2.2,6.7,6.4,10.8,194.6,84.4,37,241,93,73,5.8,5.5,6.9,-16.56
2018,3,Minnesota Vikings,16,315,503,62.6,3140,15,3.0,12,63,2.4,7.0,6.5,11.1,196.3,83.3,50,361,94,88,5.7,5.2,9.0,4.12
2018,4,Arizona Cardinals,16,342,506,67.6,3262,21,4.2,7,52,1.4,7.1,7.3,10.5,203.9,96.1,49,333,90,99,5.9,6.1,8.8,-62.52
2018,5,Baltimore Ravens,16,337,577,58.4,3360,21,3.6,12,89,2.1,6.3,6.1,10.8,210.0,80.6,43,291,104,86,5.4,5.2,6.9,0.96
2018,6,Tennessee Titans,16,337,533,63.2,3471,21,3.9,11,64,2.1,7.0,6.8,11.0,216.9,88.4,39,248,84,65,6.1,5.9,6.8,-35.95
2018,7,Chicago Bears,16,377,615,61.3,3515,22,3.6,27,98,4.4,6.3,5.0,10.2,219.7,72.9,50,339,100,86,5.3,4.1,7.5,33.19
2018,8,Detroit Lions,16,323,496,65.1,3599,29,5.8,7,48,1.4,7.9,8.4,12.1,224.9,102.7,43,298,77,68,6.7,7.2,8.0,-106.38
2018,9,Los Angeles Chargers,16,351,548,64.1,3646,23,4.2,13,73,2.4,7.1,6.9,11.1,227.9,89.1,38,240,85,68,6.2,6.0,6.5,-58.84
2018,10,Pittsburgh Steelers,16,362,566,64.0,3697,27,4.8,8,69,1.4,7.1,7.5,11.2,231.1,95.2,52,347,115,77,6.0,6.3,8.4,-73.72
2018,11,San Francisco 49ers,16,344,542,63.5,3732,35,6.5,2,39,0.4,7.3,8.4,11.5,233.3,105.4,37,227,92,81,6.4,7.5,6.4,-141.78
2018,12,Green Bay Packers,16,336,527,63.8,3752,30,5.7,7,59,1.3,7.7,8.3,12.1,234.5,100.9,44,322,74,72,6.6,7.1,7.7,-131.84
2018,13,Dallas Cowboys,16,367,542,67.7,3755,22,4.1,9,66,1.7,7.4,7.4,10.9,234.7,95.7,39,229,97,69,6.5,6.5,6.7,-83.33
2018,14,Los Angeles Rams,16,347,533,65.1,3780,31,5.8,18,68,3.4,7.7,7.3,11.8,236.3,93.7,41,326,94,71,6.6,6.3,7.1,-63.15
2018,15,Washington Redskins,16,362,537,67.4,3794,27,5.0,15,60,2.8,7.6,7.4,11.3,237.1,95.1,46,297,89,65,6.5,6.3,7.9,-66.83
2018,16,Indianapolis Colts,16,384,542,70.8,3805,21,3.9,15,61,2.8,7.4,7.0,10.5,237.8,93.5,38,228,77,91,6.6,6.1,6.6,-49.10
2018,17,Seattle Seahawks,16,355,546,65.0,3842,26,4.8,12,64,2.2,7.5,7.5,11.6,240.1,94.3,43,261,109,69,6.5,6.5,7.3,-68.19
2018,18,Carolina Panthers,16,353,529,66.7,3847,32,6.0,13,71,2.5,7.7,7.8,11.5,240.4,99.6,35,215,71,82,6.8,6.9,6.2,-107.56
2018,19,Oakland Raiders,16,299,480,62.3,3853,36,7.5,14,73,2.9,8.2,8.4,13.2,240.8,101.0,13,80,48,53,7.8,8.0,2.6,-156.09
2018,20,Denver Broncos,16,353,549,64.3,3929,26,4.7,17,82,3.1,7.7,7.3,12.0,245.6,90.7,44,311,94,70,6.6,6.2,7.4,-62.82
2018,21,Miami Dolphins,16,335,508,65.9,3932,31,6.1,21,59,4.1,8.2,7.5,12.4,245.8,94.1,31,209,76,66,7.3,6.7,5.8,-120.20
2018,22,New England Patriots,16,370,605,61.2,3943,29,4.8,18,67,3.0,6.9,6.5,11.3,246.4,85.4,30,238,100,51,6.2,5.8,4.7,-52.38
2018,23,New York Giants,16,362,560,64.6,4044,24,4.3,16,76,2.9,7.6,7.1,11.7,252.8,89.8,30,185,84,71,6.9,6.4,5.1,-105.62
2018,24,New York Jets,16,367,582,63.1,4065,29,5.0,13,76,2.2,7.5,7.5,11.9,254.1,93.1,39,293,114,77,6.5,6.5,6.3,-76.59
2018,25,Cleveland Browns,16,393,626,62.8,4125,21,3.4,17,78,2.7,7.0,6.4,11.1,257.8,83.4,37,245,90,78,6.2,5.7,5.6,-53.01
2018,26,Tampa Bay Buccaneers,16,387,534,72.5,4151,34,6.4,9,56,1.7,8.2,8.7,11.3,259.4,110.9,38,232,93,85,7.3,7.7,6.6,-148.12
2018,27,Atlanta Falcons,16,398,585,68.0,4153,33,5.6,15,72,2.6,7.5,7.5,11.1,259.6,98.3,37,255,77,58,6.7,6.7,5.9,-122.25
2018,28,Houston Texans,16,385,594,64.8,4167,28,4.7,15,90,2.5,7.5,7.3,11.6,260.4,92.7,43,310,92,80,6.5,6.4,6.8,-71.19
2018,29,New Orleans Saints,16,384,573,67.0,4302,30,5.2,12,69,2.1,8.1,8.2,12.0,268.9,100.3,49,321,98,83,6.9,7.0,7.9,-140.01
2018,30,Philadelphia Eagles,16,417,626,66.6,4308,22,3.5,10,68,1.6,7.4,7.4,11.1,269.3,93.4,44,311,133,86,6.4,6.4,6.6,-100.80
2018,31,Kansas City Chiefs,16,406,632,64.2,4374,30,4.7,15,64,2.4,7.5,7.4,11.6,273.4,92.7,52,347,105,70,6.4,6.3,7.6,-116.31
2018,32,Cincinnati Bengals,16,389,584,66.6,4414,32,5.5,12,75,2.1,7.9,8.0,11.8,275.9,100.0,34,173,83,63,7.1,7.3,5.5,-139.92
2017,1,Jacksonville Jaguars,16,289,509,56.8,2718,17,3.3,21,81,4.1,6.0,4.9,10.6,169.9,68.5,55,356,105,83,4.8,3.7,9.8,124.41
2017,2,Minnesota Vikings,16,324,555,58.4,3078,13,2.3,14,71,2.5,6.0,5.3,10.3,192.4,73.0,37,251,84,77,5.2,4.6,6.3,71.51
2017,3,Los Angeles Chargers,16,329,524,62.8,3156,17,3.2,18,79,3.4,6.5,5.6,10.4,197.3,78.1,43,261,85,87,5.6,4.7,7.6,84.23
2017,4,Denver Broncos,16,294,491,59.9,3210,29,5.9,10,62,2.0,6.9,7.2,11.5,200.6,91.9,33,175,77,78,6.1,6.4,6.3,-23.04
2017,5,Pittsburgh Steelers,16,297,499,59.5,3217,20,4.0,16,80,3.2,7.2,6.6,12.2,201.1,81.8,56,393,116,106,5.8,5.2,10.1,15.99
2017,6,Seattle Seahawks,16,325,554,58.7,3347,19,3.4,14,78,2.5,6.5,6.1,11.1,209.2,79.1,39,269,111,78,5.6,5.2,6.6,50.24
2017,7,Chicago Bears,16,343,529,64.8,3376,18,3.4,8,69,1.5,6.9,6.9,10.7,211.0,89.9,42,277,101,73,5.9,5.9,7.4,8.91
2017,8,Cincinnati Bengals,16,336,561,59.9,3379,20,3.6,11,73,2.0,6.5,6.3,10.9,211.2,82.9,41,278,100,84,5.6,5.5,6.8,79.26
2017,9,Washington Redskins,16,306,531,57.6,3420,23,4.3,16,90,3.0,7.0,6.5,12.1,213.8,81.0,42,272,120,68,6.0,5.5,7.3,90.88
2017,10,Baltimore Ravens,16,333,569,58.5,3421,18,3.2,22,83,3.9,6.5,5.4,11.1,213.8,72.4,41,280,100,90,5.6,4.6,6.7,104.35
2017,11,Dallas Cowboys,16,371,559,66.4,3425,28,5.0,10,64,1.8,6.7,6.9,10.1,214.1,94.6,38,321,97,95,5.7,5.9,6.4,-17.43
2017,12,Atlanta Falcons,16,362,553,65.5,3429,22,4.0,8,65,1.4,6.7,6.9,10.3,214.3,91.9,39,296,81,75,5.8,5.9,6.6,36.70
2017,13,Los Angeles Rams,16,324,555,58.4,3475,21,3.8,18,96,3.2,6.8,6.1,11.7,217.2,78.4,48,324,106,82,5.8,5.1,8.0,61.98
2017,14,Arizona Cardinals,16,343,564,60.8,3541,24,4.3,15,74,2.7,6.7,6.4,11.1,221.3,83.9,37,255,96,85,5.9,5.6,6.2,45.85
2017,15,New Orleans Saints,16,329,554,59.4,3597,22,4.0,20,102,3.6,7.0,6.2,11.8,224.8,79.0,42,287,81,78,6.0,5.3,7.0,1.99
2017,16,Miami Dolphins,16,339,528,64.2,3603,26,4.9,9,57,1.7,7.2,7.4,11.2,225.2,94.8,30,185,89,75,6.5,6.7,5.4,-35.98
2017,17,Philadelphia Eagles,16,363,601,60.4,3637,24,4.0,19,92,3.2,6.5,5.8,10.7,227.3,79.5,38,246,112,84,5.7,5.1,5.9,92.95
2017,18,Carolina Panthers,16,351,550,63.8,3665,25,4.5,10,56,1.8,7.2,7.3,11.3,229.1,92.9,50,304,105,70,6.1,6.2,8.3,7.70
2017,19,Cleveland Browns,16,360,525,68.6,3684,28,5.3,7,73,1.3,7.4,7.9,10.8,230.3,102.3,34,197,79,98,6.6,7.0,6.1,-67.65
2017,20,Buffalo Bills,16,370,573,64.6,3688,14,2.4,18,82,3.1,6.7,5.8,10.4,230.5,78.9,27,156,84,86,6.1,5.3,4.5,41.00
2017,21,New York Jets,16,329,558,59.0,3749,30,5.4,11,62,2.0,7.0,7.2,11.9,234.3,90.1,28,155,95,73,6.4,6.6,4.8,-61.06
2017,22,San Francisco 49ers,16,344,544,63.2,3764,27,5.0,10,58,1.8,7.2,7.4,11.5,235.3,93.9,30,179,96,75,6.6,6.7,5.2,-66.07
2017,23,Green Bay Packers,16,348,513,67.8,3789,30,5.8,11,64,2.1,7.9,8.1,11.6,236.8,102.0,37,252,99,94,6.9,7.1,6.7,-76.02
2017,24,Houston Texans,16,321,501,64.1,3799,30,6.0,11,58,2.2,8.0,8.2,12.5,237.4,99.5,32,200,71,85,7.1,7.3,6.0,-45.75
2017,25,Tennessee Titans,16,369,605,61.0,3828,27,4.5,12,74,2.0,6.8,6.8,11.1,239.3,87.8,43,272,90,67,5.9,5.9,6.6,-57.23
2017,26,Oakland Raiders,16,361,530,68.1,3858,24,4.5,5,56,0.9,7.6,8.1,11.2,241.1,101.8,31,188,73,74,6.9,7.3,5.5,-88.65
2017,27,Detroit Lions,16,366,570,64.2,3892,21,3.7,19,79,3.3,7.2,6.5,11.3,243.3,84.1,35,228,95,78,6.4,5.7,5.8,22.86
2017,28,Indianapolis Colts,16,320,513,62.4,3946,23,4.5,13,69,2.5,8.0,7.8,12.9,246.6,91.9,25,177,87,76,7.3,7.1,4.6,-64.60
2017,29,Kansas City Chiefs,16,325,570,57.0,3952,23,4.0,16,86,2.8,7.2,6.8,12.7,247.0,81.5,31,179,69,78,6.6,6.1,5.2,-27.52
2017,30,New England Patriots,16,367,590,62.2,4020,24,4.1,12,67,2.0,7.3,7.2,11.8,251.3,89.5,42,299,104,72,6.4,6.3,6.6,-47.00
2017,31,New York Giants,16,347,561,61.9,4038,32,5.7,13,73,2.3,7.5,7.6,12.1,252.4,94.2,27,161,64,68,6.9,7.0,4.6,-28.31
2017,32,Tampa Bay Buccaneers,16,371,549,67.6,4169,22,4.0,13,56,2.4,7.8,7.6,11.6,260.6,94.6,22,137,79,65,7.3,7.0,3.9,-53.04
2016,1,Denver Broncos,16,306,552,55.4,2972,13,2.4,14,84,2.5,5.8,5.1,10.5,185.8,69.7,42,228,113,55,5.0,4.4,7.1,86.04
2016,2,Houston Texans,16,319,522,61.1,3226,20,3.8,11,70,2.1,6.6,6.4,10.7,201.6,84.3,31,198,89,68,5.8,5.7,5.6,7.30
2016,3,Minnesota Vikings,16,332,548,60.6,3327,22,4.0,14,59,2.6,6.6,6.3,11.0,207.9,83.0,41,310,114,63,5.6,5.3,7.0,19.38
2016,4,Arizona Cardinals,16,344,547,62.9,3365,21,3.8,14,68,2.6,6.8,6.5,10.9,210.3,85.1,48,374,103,105,5.7,5.3,8.1,8.58
2016,5,Jacksonville Jaguars,16,345,551,62.6,3444,20,3.6,7,55,1.3,6.6,6.7,10.5,215.3,88.5,33,183,77,80,5.9,6.0,5.7,-15.33
2016,6,Buffalo Bills,16,306,511,59.9,3582,19,3.7,12,74,2.3,7.5,7.2,12.5,223.9,85.9,39,253,79,70,6.5,6.2,7.1,-17.70
2016,7,Chicago Bears,16,342,530,64.5,3598,22,4.2,8,70,1.5,7.2,7.4,11.2,224.9,93.5,37,230,75,66,6.3,6.5,6.5,-96.13
2016,8,Seattle Seahawks,16,331,537,61.6,3612,16,3.0,11,70,2.0,7.2,6.9,11.7,225.8,85.0,42,272,104,77,6.2,5.9,7.3,-47.24
2016,9,Baltimore Ravens,16,369,578,63.8,3724,28,4.8,18,71,3.1,6.8,6.4,10.7,232.8,86.9,31,223,80,72,6.1,5.7,5.1,-49.17
2016,10,Los Angeles Rams,16,378,582,64.9,3732,32,5.5,10,73,1.7,6.7,7.1,10.4,233.3,95.5,31,196,108,90,6.1,6.4,5.1,-48.92
2016,11,Cincinnati Bengals,16,374,593,63.1,3800,22,3.7,17,85,2.9,6.7,6.2,10.7,237.5,83.1,33,185,104,61,6.1,5.6,5.3,-30.96
2016,12,New England Patriots,16,368,596,61.7,3806,21,3.5,13,72,2.2,6.8,6.5,11.0,237.9,84.4,34,227,75,54,6.0,5.8,5.4,29.68
2016,13,Philadelphia Eagles,16,333,553,60.2,3832,25,4.5,16,77,2.9,7.3,6.9,12.1,239.5,85.7,34,207,90,75,6.5,6.2,5.8,-15.13
2016,14,San Francisco 49ers,16,322,521,61.8,3848,30,5.8,10,73,1.9,7.7,8.0,12.5,240.5,96.9,33,165,80,69,6.9,7.2,6.0,-80.42
2016,15,Miami Dolphins,16,368,591,62.3,3875,30,5.1,16,75,2.7,6.9,6.7,11.1,242.2,88.5,33,226,96,73,6.2,6.0,5.3,-39.65
2016,16,Pittsburgh Steelers,16,381,590,64.6,3882,20,3.4,13,80,2.2,7.0,6.7,10.9,242.6,87.3,38,259,103,87,6.2,5.9,6.1,-48.15
2016,17,New York Jets,16,347,545,63.7,3898,30,5.5,8,54,1.5,7.5,7.9,11.7,243.6,98.5,27,179,81,71,6.8,7.2,4.7,-124.47
2016,18,Kansas City Chiefs,16,350,598,58.5,3958,23,3.8,18,104,3.0,6.9,6.3,11.8,247.4,79.8,28,162,76,67,6.3,5.8,4.5,4.53
2016,19,Detroit Lions,16,399,549,72.7,3975,33,6.0,10,63,1.8,7.5,7.9,10.4,248.4,106.5,26,161,70,62,6.9,7.3,4.5,-153.39
2016,20,San Diego Chargers,16,364,580,62.8,3987,21,3.6,18,86,3.1,7.3,6.6,11.6,249.2,83.8,35,230,87,94,6.5,5.8,5.7,0.36
2016,21,Cleveland Browns,16,347,543,63.9,3996,36,6.6,10,67,1.8,7.7,8.2,12.0,249.8,101.8,26,177,81,52,7.0,7.5,4.6,-138.11
2016,22,Tampa Bay Buccaneers,16,347,548,63.3,4012,24,4.4,17,87,3.1,7.7,7.2,12.2,250.8,88.8,38,234,83,76,6.8,6.4,6.5,-9.36
2016,23,New York Giants,16,369,630,58.6,4018,15,2.4,17,101,2.7,6.8,6.0,11.5,251.1,75.8,35,242,85,78,6.0,5.3,5.3,-1.90
2016,24,Oakland Raiders,16,328,541,60.6,4120,27,5.0,16,73,3.0,7.9,7.6,13.0,257.5,89.8,25,147,80,49,7.3,7.0,4.4,-83.64
2016,25,Washington Redskins,16,387,589,65.7,4130,22,3.7,13,75,2.2,7.4,7.2,11.3,258.1,91.1,38,253,111,86,6.6,6.4,6.1,-82.22
2016,26,Dallas Cowboys,16,425,633,67.1,4167,25,3.9,9,64,1.4,6.9,7.1,10.3,260.4,94.1,36,209,91,78,6.2,6.4,5.4,-84.20
2016,27,Indianapolis Colts,16,378,582,64.9,4200,27,4.6,8,60,1.4,7.6,7.9,11.7,262.5,97.5,33,211,82,50,6.8,7.1,5.4,-91.69
2016,28,Atlanta Falcons,16,422,655,64.4,4267,31,4.7,12,88,1.8,6.9,7.0,10.7,266.7,92.5,34,228,81,64,6.2,6.3,4.9,-82.03
2016,29,Carolina Panthers,16,409,612,66.8,4291,27,4.4,17,70,2.8,7.5,7.1,11.2,268.2,92.0,47,270,93,77,6.5,6.2,7.1,-11.03
2016,30,Tennessee Titans,16,388,635,61.1,4307,25,3.9,12,76,1.9,7.2,7.2,11.8,269.2,88.3,40,278,95,68,6.4,6.3,5.9,-75.71
2016,31,Green Bay Packers,16,370,571,64.8,4308,32,5.6,17,88,3.0,8.1,7.8,12.4,269.3,95.9,40,295,88,82,7.1,6.8,6.5,-94.43
2015,1,Denver Broncos,16,344,573,60.0,3193,19,3.3,14,83,2.4,6.2,5.7,10.3,199.6,78.8,52,351,123,86,5.1,4.7,8.3,49.20
2015,2,Seattle Seahawks,16,333,548,60.8,3364,14,2.6,14,76,2.6,6.6,6.0,10.9,210.3,78.1,37,255,104,72,5.8,5.2,6.3,0.16
2015,3,Houston Texans,16,326,553,59.0,3366,24,4.3,14,90,2.5,6.6,6.4,11.3,210.4,82.8,45,311,106,83,5.6,5.4,7.5,12.45
2015,4,Chicago Bears,16,322,513,62.8,3593,31,6.0,8,52,1.6,7.5,8.0,11.9,224.6,99.1,35,237,93,58,6.6,7.0,6.4,-83.21
2015,5,Dallas Cowboys,16,330,506,65.2,3636,19,3.8,8,53,1.6,7.6,7.7,11.7,227.3,94.2,31,229,79,83,6.8,6.8,5.8,-80.03
2015,6,Green Bay Packers,16,321,551,58.3,3642,20,3.6,16,72,2.9,7.1,6.5,12.1,227.6,80.1,43,256,109,92,6.1,5.6,7.2,-21.17
2015,7,Tennessee Titans,16,319,503,63.4,3678,34,6.8,11,58,2.2,7.9,8.2,12.4,229.9,101.1,39,271,71,65,6.8,7.1,7.2,-108.95
2015,8,Arizona Cardinals,16,343,573,59.9,3687,24,4.2,19,69,3.3,6.9,6.3,11.5,230.4,80.9,36,270,105,91,6.1,5.4,5.9,-44.55
2015,9,Kansas City Chiefs,16,349,607,57.5,3698,25,4.1,22,92,3.6,6.6,5.8,11.4,231.1,76.0,47,290,109,99,5.7,4.9,7.2,29.30
2015,10,Baltimore Ravens,16,350,545,64.2,3737,30,5.5,6,65,1.1,7.3,7.9,11.3,233.6,99.6,37,220,94,83,6.4,7.0,6.4,-124.62
2015,11,Carolina Panthers,16,390,650,60.0,3752,21,3.2,24,83,3.7,6.2,5.2,10.4,234.5,73.5,44,302,119,93,5.4,4.5,6.3,55.14
2015,12,Minnesota Vikings,16,359,561,64.0,3762,24,4.3,13,65,2.3,7.2,7.0,11.3,235.1,90.1,43,283,111,76,6.2,6.1,7.1,-35.83
2015,13,New York Jets,16,343,601,57.1,3763,25,4.2,18,76,3.0,6.7,6.2,11.8,235.2,79.0,39,278,116,61,5.9,5.4,6.1,-15.35
2015,14,San Diego Chargers,16,328,510,64.3,3786,22,4.3,11,62,2.2,7.9,7.8,12.2,236.6,93.8,32,222,75,76,7.0,6.9,5.9,-79.87
2015,15,Detroit Lions,16,360,528,68.2,3789,27,5.1,9,62,1.7,7.7,8.0,11.3,236.8,100.9,43,279,105,99,6.6,6.9,7.5,-104.04
2015,16,Tampa Bay Buccaneers,16,378,541,69.9,3840,31,5.7,11,67,2.0,7.5,7.8,10.8,240.0,102.3,38,232,87,79,6.6,6.8,6.6,-130.21
2015,17,New England Patriots,16,361,596,60.6,3852,24,4.0,12,82,2.0,7.1,7.0,11.7,240.8,87.0,49,358,95,73,6.0,5.9,7.6,-32.15
2015,18,Atlanta Falcons,16,370,561,66.0,3882,19,3.4,15,61,2.7,7.1,6.6,10.8,242.6,86.9,19,117,75,51,6.7,6.2,3.3,-72.80
2015,19,Buffalo Bills,16,347,602,57.6,3972,30,5.0,17,93,2.8,6.8,6.5,11.8,248.3,83.3,21,125,79,55,6.4,6.1,3.4,-54.70
2015,20,Cincinnati Bengals,16,415,646,64.2,3976,18,2.8,21,87,3.3,6.6,5.7,10.3,248.5,78.9,42,288,110,71,5.8,4.9,6.1,-2.63
2015,21,Miami Dolphins,16,350,542,64.6,4000,31,5.7,13,71,2.4,7.8,7.9,12.1,250.0,97.4,31,225,89,93,7.0,7.0,5.4,-133.10
2015,22,Cleveland Browns,16,322,511,63.0,4012,34,6.7,11,54,2.2,8.2,8.5,12.9,250.8,101.8,29,157,71,63,7.4,7.8,5.4,-122.40
2015,23,St. Louis Rams,16,399,597,66.8,4065,21,3.5,13,70,2.2,7.2,6.9,10.8,254.1,90.4,41,236,116,99,6.4,6.1,6.4,-36.92
2015,24,Indianapolis Colts,16,354,585,60.5,4114,29,5.0,17,76,2.9,7.5,7.1,12.3,257.1,88.0,35,251,97,85,6.6,6.3,5.6,-85.64
2015,25,Washington Redskins,16,354,566,62.5,4128,30,5.3,11,60,1.9,7.8,7.9,12.4,258.0,96.1,38,264,90,68,6.8,7.0,6.3,-86.98
2015,26,Oakland Raiders,16,404,641,63.0,4140,25,3.9,14,90,2.2,6.8,6.6,10.8,258.8,86.8,38,211,78,82,6.1,5.9,5.6,-73.76
2015,27,San Francisco 49ers,16,375,549,68.3,4179,21,3.8,9,58,1.6,8.0,8.0,11.7,261.2,98.1,28,196,82,64,7.2,7.3,4.9,-128.59
2015,28,Philadelphia Eagles,16,394,633,62.2,4273,36,5.7,15,82,2.4,7.1,7.2,11.5,267.1,92.8,37,243,83,77,6.4,6.4,5.5,-81.11
2015,29,Jacksonville Jaguars,16,390,602,64.8,4291,29,4.8,9,73,1.5,7.5,7.8,11.6,268.2,97.2,36,237,76,84,6.7,7.0,5.6,-116.13
2015,30,Pittsburgh Steelers,16,402,625,64.3,4350,29,4.6,17,79,2.7,7.5,7.2,11.6,271.9,90.9,48,311,106,93,6.5,6.2,7.1,-56.29
2015,31,New Orleans Saints,16,372,544,68.4,4544,45,8.3,9,69,1.7,8.7,9.7,12.8,284.0,116.2,31,211,64,55,7.9,8.8,5.4,-223.20
2015,32,New York Giants,16,423,638,66.3,4783,31,4.9,15,87,2.4,7.7,7.6,11.6,298.9,95.9,23,137,87,62,7.2,7.2,3.5,-117.68