year (start),rank,team,games_played,points_scored,yards,offensive_plays,yards_per_offensive_play,turnovers_lost,fumbles_lost,first_down,pass_completed,passes_attempted,yards_gained_passing,passing_touchdowns,interceptions_thrown,net_gain_from_passess_and_sacks,first_down_passing,rusing_attempts,rushing_yards,rushing_touchdowns,rushing_yards_per_attempt,first_downs_by_rushing,penalties_committed,penalty_yards,first_downs_from_penalty,percent_of_drives_with_offensive_score,percent_drives_ending_in_turnover,extra_points
2020,1,Seattle Seahawks,5,169,1979,302,6.6,4,1,111,123,169,1402,19,3,7.6,70,118,577,4,4.9,34,23,169,7,44.6,7.1,72.74
2020,2,Dallas Cowboys,5,163,2440,373,6.5,11,7,147,161,236,1907,10,4,7.7,98,126,533,9,4.2,38,33,274,11,45.8,18.6,62.08
2020,3,Cleveland Browns,5,156,1933,333,5.8,6,2,117,95,154,991,10,4,6.2,60,172,942,8,5.5,49,29,256,8,46.3,11.1,58.89
2020,4,New Orleans Saints,5,153,1892,325,5.8,4,1,117,126,178,1317,9,3,7.1,73,140,575,8,4.1,37,33,458,7,48.1,7.4,56.87
2020,5,Green Bay Packers,4,152,1782,261,6.8,0,0,103,98,139,1179,13,0,8.3,61,119,603,4,5.1,30,19,163,12,64.1,0.0,93.24
2020,6,Las Vegas Raiders,5,151,1997,329,6.1,7,6,119,128,175,1392,11,1,7.6,70,146,605,6,4.1,37,27,217,12,56.0,14.0,72.69
2020,7,Baltimore Ravens,5,149,1698,294,5.8,5,2,97,88,138,894,9,3,6.0,52,144,804,5,5.6,39,25,187,6,45.3,9.4,38.83
2020,8,Kansas City Chiefs,5,149,2036,331,6.2,3,2,120,123,193,1439,13,1,7.2,80,132,597,4,4.5,30,32,265,10,50.0,6.0,76.65
2020,9,Buffalo Bills,5,139,2009,326,6.2,8,5,121,134,194,1540,14,3,7.5,76,122,469,4,3.8,35,33,326,10,48.8,12.2,71.50
2020,10,Tampa Bay Buccaneers,5,139,1825,324,5.6,7,3,106,126,196,1328,12,4,6.5,64,120,497,4,4.1,27,42,410,15,42.4,10.2,25.45
2020,11,Los Angeles Rams,5,136,2018,328,6.2,6,3,116,109,152,1320,8,3,8.3,63,169,698,9,4.1,49,18,153,4,42.6,9.3,70.77
2020,12,Miami Dolphins,5,136,1824,318,5.7,5,0,118,120,170,1303,7,5,7.3,69,140,521,6,3.7,36,23,195,13,52.9,9.8,49.91
2020,13,Minnesota Vikings,5,132,1880,306,6.1,9,2,114,89,139,1077,8,7,7.1,55,154,803,8,5.2,49,24,176,10,39.3,16.1,43.10
2020,14,Arizona Cardinals,5,128,1977,337,5.9,7,1,128,126,181,1272,8,6,6.7,69,148,705,8,4.8,46,42,325,13,40.7,13.0,49.18
2020,15,Indianapolis Colts,5,126,1749,312,5.6,5,0,105,111,158,1220,4,5,7.5,60,149,529,4,3.6,31,31,323,14,46.0,10.0,26.25
2020,16,San Francisco 49ers,5,124,1821,322,5.7,7,2,108,114,176,1176,7,5,6.1,69,128,645,8,5.0,27,29,274,12,40.7,13.0,24.35
2020,17,Carolina Panthers,5,122,1998,323,6.2,5,2,114,130,178,1409,6,3,7.6,76,137,589,6,4.3,31,31,269,7,49.0,9.8,59.36
2020,18,Atlanta Falcons,5,122,1953,346,5.6,4,1,117,129,205,1380,7,3,6.4,77,130,573,6,4.4,33,27,261,7,44.6,7.1,39.12
2020,19,Tennessee Titans,4,122,1509,272,5.5,1,0,97,91,132,983,9,1,7.2,56,136,526,5,3.9,32,19,158,9,51.5,3.0,61.50
2020,20,Pittsburgh Steelers,4,118,1513,271,5.6,4,3,88,100,143,958,10,1,6.4,55,122,555,4,4.5,26,23,210,7,44.4,6.7,48.39
2020,21,Philadelphia Eagles,5,113,1612,338,4.8,11,2,109,118,196,1072,6,9,5.0,60,123,540,6,4.4,36,31,252,13,32.8,19.0,-0.52
2020,22,Houston Texans,5,110,1796,282,6.4,7,2,96,109,163,1373,9,5,7.6,68,102,423,3,4.1,23,20,148,5,42.9,12.2,33.94
2020,23,Los Angeles Chargers,5,110,1951,343,5.7,7,4,107,113,171,1339,9,3,7.4,63,161,612,3,3.8,36,28,205,8,32.8,12.1,18.50
2020,24,Jacksonville Jaguars,5,109,1832,320,5.7,7,3,116,137,196,1340,10,4,6.3,77,107,492,3,4.6,27,32,268,12,41.7,14.6,38.28
2020,25,Chicago Bears,5,105,1616,325,5.0,6,0,102,123,199,1139,11,6,5.4,66,115,477,1,4.1,26,35,345,10,33.3,10.5,15.16
2020,26,Cincinnati Bengals,5,102,1662,361,4.6,7,4,113,135,207,1149,6,3,5.0,77,132,513,3,3.9,29,32,275,7,37.3,11.9,-7.00
2020,27,Detroit Lions,4,99,1336,248,5.4,3,0,84,83,137,929,8,3,6.2,52,99,407,3,4.1,21,27,242,11,42.9,7.1,30.89
2020,28,New England Patriots,4,97,1584,275,5.8,7,2,104,82,128,865,3,5,6.4,50,140,719,7,5.1,45,11,135,9,36.6,17.1,34.14
2020,29,Washington Football Team,5,89,1315,314,4.2,8,5,90,107,176,908,4,3,4.6,55,117,407,7,3.5,26,22,197,9,25.8,11.3,-24.11
2020,30,Denver Broncos,4,82,1227,253,4.8,8,2,76,85,142,857,6,6,5.5,43,98,370,3,3.8,17,21,210,16,31.3,16.7,-5.90
2020,31,New York Giants,5,81,1412,303,4.7,9,4,94,111,182,1017,2,5,5.1,61,105,395,3,3.8,23,24,164,10,36.7,18.4,-23.59
2020,32,New York Jets,5,75,1397,313,4.5,5,1,86,102,173,880,4,4,4.7,44,125,517,2,4.1,30,38,365,12,27.8,9.3,-38.0
2019,1,Baltimore Ravens,16,531,6521,1064,6.1,15,7,386,289,440,3225,37,8,6.9,171,596,3296,21,5.5,188,109,867,27,52.1,8.6,239.99
2019,2,San Francisco 49ers,16,479,6097,1012,6.0,23,10,336,331,478,3792,28,13,7.4,195,498,2305,23,4.6,110,105,939,31,44.3,12.0,140.39
2019,3,Tampa Bay Buccaneers,16,458,6366,1086,5.9,41,11,353,382,630,4845,33,30,7.2,244,409,1521,15,3.7,81,133,1111,28,38.3,20.7,37.00
2019,4,New Orleans Saints,16,458,5982,1011,5.9,8,2,347,418,581,4244,36,6,7.0,230,405,1738,12,4.3,97,120,1036,20,47.1,4.1,163.04
2019,5,Kansas City Chiefs,16,451,6067,976,6.2,15,10,350,378,576,4498,30,5,7.5,211,375,1569,16,4.2,93,107,1029,46,49.4,8.0,263.38
2019,6,Dallas Cowboys,16,434,6904,1069,6.5,18,7,379,388,597,4751,30,11,7.7,229,449,2153,18,4.8,120,109,1008,30,44.6,10.3,210.77
2019,7,New England Patriots,16,420,5664,1095,5.2,15,6,338,378,620,3961,25,9,6.1,197,447,1703,17,3.8,110,94,828,31,36.8,7.6,34.62
2019,8,Minnesota Vikings,16,407,5656,970,5.8,20,12,314,319,466,3523,26,8,7.1,171,476,2133,19,4.5,106,96,895,37,41.9,10.5,98.01
2019,9,Seattle Seahawks,16,405,5991,1046,5.7,20,14,341,341,517,3791,31,6,6.7,190,481,2200,15,4.6,121,109,882,30,36.9,10.2,86.55
2019,10,Tennessee Titans,16,402,5805,949,6.1,17,9,317,297,448,3582,29,8,7.1,177,445,2223,21,5.0,104,99,932,36,31.7,8.2,115.88
2019,11,Los Angeles Rams,16,394,5998,1055,5.7,24,7,342,397,632,4499,22,17,6.9,222,401,1499,20,3.7,92,118,899,28,36.0,12.9,37.09
2019,12,Philadelphia Eagles,16,385,5772,1104,5.2,23,15,354,391,613,3833,27,8,5.9,215,454,1939,16,4.3,104,100,836,35,35.5,10.4,59.85
2019,13,Atlanta Falcons,16,381,6075,1096,5.5,25,10,383,459,684,4714,29,15,6.4,258,362,1361,10,3.8,84,119,956,41,41.3,13.4,95.51
2019,14,Houston Texans,16,378,5792,1017,5.7,22,8,346,355,534,3783,27,14,6.5,203,434,2009,17,4.6,112,111,892,31,37.7,12.0,118.67
2019,15,Green Bay Packers,16,376,5528,1020,5.4,13,9,320,356,573,3733,26,4,6.1,190,411,1795,18,4.4,90,100,774,40,37.3,6.8,113.40
2019,16,Arizona Cardinals,16,361,5467,1000,5.5,18,6,314,355,554,3477,20,12,5.8,176,396,1990,18,5.0,109,121,956,29,38.8,10.1,64.36
2019,17,Indianapolis Colts,16,361,5238,1016,5.2,21,11,340,307,513,3108,22,10,5.7,165,471,2130,17,4.5,131,79,670,44,36.1,11.4,74.80
2019,18,Detroit Lions,16,341,5549,1021,5.4,23,8,313,344,571,3900,28,15,6.4,196,407,1649,7,4.1,82,113,937,35,33.3,11.7,31.07
2019,19,New York Giants,16,341,5416,1012,5.4,33,16,311,376,607,3731,30,17,5.7,187,362,1685,11,4.7,89,90,784,35,28.3,18.3,-10.30
2019,20,Carolina Panthers,16,340,5469,1077,5.1,35,14,335,382,633,3650,17,21,5.3,230,386,1819,20,4.7,82,87,754,23,32.3,16.9,-28.07
2019,21,Los Angeles Chargers,16,337,5879,997,5.9,31,11,349,394,597,4426,24,20,7.0,220,366,1453,12,4.0,90,103,872,39,39.5,18.5,82.43
2019,22,Cleveland Browns,16,335,5455,973,5.6,28,7,305,318,539,3554,22,21,6.1,180,393,1901,15,4.8,90,122,1106,35,34.1,14.8,13.54
2019,23,Buffalo Bills,16,314,5283,1018,5.2,19,7,314,299,513,3229,21,12,5.8,162,465,2054,13,4.4,120,117,927,32,30.6,10.4,6.66
2019,24,Oakland Raiders,16,313,5819,989,5.9,17,9,315,367,523,3926,22,8,7.1,194,437,1893,13,4.3,104,128,1138,17,32.9,9.9,79.57
2019,25,Miami Dolphins,16,306,4960,1022,4.9,26,8,315,371,615,3804,22,18,5.7,210,349,1156,10,3.3,64,92,769,41,30.6,13.3,-28.85
2019,26,Jacksonville Jaguars,16,300,5468,1020,5.4,20,12,298,364,589,3760,24,8,6.0,183,389,1708,3,4.4,85,132,1165,30,33.9,10.2,-23.15
2019,27,Pittsburgh Steelers,16,289,4428,937,4.7,30,11,265,315,510,2981,18,19,5.5,147,395,1447,7,3.7,75,111,893,43,28.6,15.7,-85.56
2019,28,Denver Broncos,16,282,4777,954,5.0,16,6,279,312,504,3115,16,10,5.7,162,409,1662,11,4.1,77,110,912,40,32.9,9.4,-14.61
2019,29,Chicago Bears,16,280,4749,1020,4.7,19,7,297,371,580,3291,20,12,5.3,178,395,1458,8,3.7,85,103,838,34,29.1,10.5,-41.05
2019,30,Cincinnati Bengals,16,279,5169,1049,4.9,30,14,312,356,616,3652,18,16,5.5,191,385,1517,9,3.9,85,93,761,36,30.3,16.0,-60.73
2019,31,New York Jets,16,276,4368,956,4.6,25,9,253,323,521,3111,19,16,5.4,162,383,1257,6,3.3,61,115,1105,30,23.0,11.5,-112.92
2019,32,Washington Redskins,16,266,4395,885,5.0,21,8,248,298,479,2812,18,13,5.3,154,356,1583,9,4.4,74,106,835,20,29.9,12.1,-88.30
2018,1,Kansas City Chiefs,16,565,6810,996,6.8,18,6,384,385,583,4955,50,12,8.1,239,387,1855,16,4.8,108,137,1152,37,52.6,10.5,298.14
2018,2,Los Angeles Rams,16,527,6738,1060,6.4,19,7,401,368,568,4507,32,12,7.5,236,459,2231,23,4.9,134,96,878,31,48.6,9.8,239.79
2018,3,New Orleans Saints,16,504,6067,1010,6.0,16,9,377,381,519,4042,33,7,7.5,210,471,2025,26,4.3,134,94,939,33,51.8,9.5,237.73
2018,4,New England Patriots,16,436,6295,1073,5.9,18,7,365,378,574,4258,29,11,7.2,206,478,2037,18,4.3,131,93,744,28,40.8,9.2,190.96
2018,5,Indianapolis Colts,16,433,6179,1070,5.8,24,9,371,432,644,4461,39,15,6.7,237,408,1718,13,4.2,96,120,953,38,41.2,13.2,140.47
2018,6,Seattle Seahawks,16,428,5653,1012,5.6,11,4,329,280,427,3093,35,7,6.5,156,534,2560,15,4.8,133,111,959,40,39.8,6.1,128.78
2018,7,Los Angeles Chargers,16,428,5962,945,6.3,19,7,338,348,512,4089,32,12,7.5,213,399,1873,16,4.7,100,113,967,25,42.4,10.0,170.19
2018,8,Pittsburgh Steelers,16,428,6453,1058,6.1,26,9,378,459,689,5008,35,17,7.0,251,345,1445,16,4.2,88,111,1026,39,36.8,14.3,156.16
2018,9,Chicago Bears,16,421,5502,1013,5.4,24,10,331,344,512,3564,28,14,6.5,177,468,1938,16,4.1,108,97,796,46,36.8,13.2,96.31
2018,10,Atlanta Falcons,16,414,6226,1010,6.2,18,11,352,428,617,4653,36,7,7.1,238,351,1573,11,4.5,84,101,899,30,42.9,10.7,155.08
2018,11,Houston Texans,16,402,5802,1040,5.6,16,7,333,345,506,3781,26,9,6.7,202,472,2021,12,4.3,94,105,787,37,40.3,8.1,84.10
2018,12,Tampa Bay Buccaneers,16,396,6648,1055,6.3,35,9,388,408,625,5125,36,26,7.7,265,389,1523,11,3.9,80,117,975,43,37.0,19.0,121.14
2018,13,Baltimore Ravens,16,389,5999,1135,5.3,20,11,367,334,556,3558,18,9,6.1,184,547,2441,19,4.5,153,116,940,30,40.7,10.7,72.85
2018,14,Green Bay Packers,16,376,5905,1026,5.8,15,11,332,392,640,4238,25,4,6.1,208,333,1667,14,5.0,98,108,937,26,38.8,6.7,108.88
2018,15,Carolina Panthers,16,376,5972,1011,5.9,22,6,356,378,563,3836,28,16,6.4,212,416,2136,17,5.1,117,92,818,27,37.0,12.1,117.24
2018,16,New York Giants,16,369,5697,984,5.8,19,7,297,382,583,4047,23,12,6.4,208,354,1650,13,4.7,71,114,951,18,38.4,9.6,70.53
2018,17,Cincinnati Bengals,16,368,4972,938,5.3,17,4,304,331,542,3290,27,13,5.7,182,359,1682,13,4.7,92,114,957,30,35.5,9.6,47.57
2018,18,Philadelphia Eagles,16,367,5845,1037,5.6,23,12,346,422,599,4275,29,11,6.7,221,398,1570,12,3.9,94,100,852,31,38.1,12.5,91.97
2018,19,Minnesota Vikings,16,360,5529,1003,5.5,20,10,310,425,606,4036,30,10,6.2,218,357,1493,9,4.2,66,92,779,26,32.4,10.6,7.47
2018,20,Cleveland Browns,16,359,5900,1023,5.8,24,7,314,353,574,4007,29,17,6.5,189,411,1893,15,4.6,93,112,894,32,31.2,11.4,36.91
2018,21,San Francisco 49ers,16,342,5769,1003,5.8,32,12,344,331,532,3867,26,20,6.7,201,423,1902,7,4.5,98,112,982,45,37.0,17.1,20.95
2018,22,Dallas Cowboys,16,339,5501,1022,5.4,17,9,322,356,527,3538,22,8,6.1,184,439,1963,13,4.5,113,104,885,25,37.9,10.1,83.04
2018,23,New York Jets,16,333,4787,971,4.9,30,11,258,299,524,3165,18,19,5.6,157,410,1622,11,4.0,84,114,948,17,32.0,14.7,-97.45
2018,24,Denver Broncos,16,329,5602,1015,5.5,21,6,320,367,588,3695,19,15,5.9,181,393,1907,18,4.9,107,125,985,32,30.6,11.3,24.23
2018,25,Detroit Lions,16,324,5236,1019,5.1,19,7,325,375,574,3576,22,12,5.8,201,404,1660,11,4.1,91,94,852,33,35.3,11.0,39.87
2018,26,Miami Dolphins,16,319,4638,878,5.3,23,10,252,292,455,2900,26,13,5.7,153,371,1738,7,4.7,75,108,978,24,28.3,12.5,-40.39
2018,27,Tennessee Titans,16,310,5002,940,5.3,18,6,289,293,437,2975,16,12,6.1,156,456,2027,15,4.4,106,82,727,27,34.9,10.2,10.48
2018,28,Oakland Raiders,16,290,5379,995,5.4,24,14,300,382,556,3751,19,10,6.2,197,387,1628,9,4.2,86,110,965,17,31.3,13.6,-17.92
2018,29,Washington Redskins,16,281,4795,967,5.0,19,4,280,311,509,3021,16,15,5.5,156,414,1774,12,4.3,96,115,1008,28,31.8,11.2,-34.07
2018,30,Buffalo Bills,16,269,4778,1008,4.7,32,9,283,271,499,2794,13,23,5.2,137,468,1984,15,4.2,108,116,992,38,26.4,15.5,-104.81
2018,31,Jacksonville Jaguars,16,245,4832,1005,4.8,29,16,277,329,536,3109,15,13,5.3,164,416,1723,7,4.1,92,121,1112,21,25.0,15.6,-98.17
2018,32,Arizona Cardinals,16,225,3865,902,4.3,28,10,239,283,495,2523,15,18,4.6,137,355,1342,9,3.8,76,101,786,26,19.3,15.0,-155.06
2017,1,Los Angeles Rams,16,478,5784,1000,5.8,21,14,311,320,518,3831,28,7,7.0,185,454,1953,17,4.3,97,107,922,29,45.3,9.5,-43.18
2017,2,New England Patriots,16,458,6307,1070,5.9,12,4,389,389,587,4418,32,8,7.1,232,448,1889,16,4.2,107,95,835,50,49.4,6.9,114.84
2017,3,Philadelphia Eagles,16,457,5852,1073,5.5,20,11,338,341,564,3737,38,9,6.2,193,473,2115,9,4.5,108,116,962,37,40.3,9.4,21.06
2017,4,New Orleans Saints,16,448,6259,1000,6.3,18,10,332,386,536,4189,23,8,7.5,201,444,2070,23,4.7,111,105,967,20,44.6,9.1,7.38
2017,5,Jacksonville Jaguars,16,417,5855,1078,5.4,23,10,332,316,527,3593,21,13,6.5,193,527,2262,18,4.3,101,112,936,38,34.7,11.1,-36.01
2017,6,Kansas City Chiefs,16,415,6007,985,6.1,11,3,322,363,543,4104,26,8,7.1,198,405,1903,12,4.7,95,118,1044,29,44.9,6.3,-22.58
2017,7,Detroit Lions,16,410,5404,980,5.5,22,11,296,374,570,4183,29,11,6.8,210,363,1221,10,3.4,58,104,968,28,37.3,11.9,-93.68
2017,8,Pittsburgh Steelers,16,406,6047,1051,5.8,20,5,348,384,590,4380,29,15,7.1,217,437,1667,12,3.8,96,101,897,35,43.0,10.6,-32.55
2017,9,Baltimore Ravens,16,395,4886,1054,4.6,17,4,311,363,567,3030,20,13,5.1,168,460,1856,14,4.0,111,91,749,32,36.5,8.9,-132.06
2017,10,Minnesota Vikings,16,382,5710,1055,5.4,14,6,334,357,527,3753,25,8,6.8,196,501,1957,15,3.9,100,100,949,38,38.9,7.6,-54.08
2017,11,Seattle Seahawks,16,366,5286,1007,5.2,17,5,299,340,555,3657,34,12,6.1,183,409,1629,4,4.0,85,148,1342,31,30.5,8.6,-78.12
2017,12,Carolina Panthers,16,363,5179,1026,5.0,22,6,320,293,501,3077,22,16,5.7,167,490,2102,15,4.3,121,83,682,32,37.4,11.7,-100.34
2017,13,Los Angeles Chargers,16,355,6026,1020,5.9,15,4,337,366,583,4431,28,11,7.4,220,419,1595,10,3.8,84,108,927,33,33.3,8.5,-17.69
2017,14,Dallas Cowboys,16,354,5311,1005,5.3,22,9,314,309,493,3141,22,13,6.0,162,480,2170,18,4.5,127,97,939,25,36.3,11.1,-40.65
2017,15,Atlanta Falcons,16,353,5837,984,5.9,18,6,330,343,530,3990,21,12,7.2,200,430,1847,12,4.3,101,102,918,29,41.2,10.3,-46.05
2017,16,Washington Redskins,16,342,5199,982,5.3,27,14,278,347,540,3751,27,13,6.5,191,401,1448,10,3.6,66,92,733,21,31.9,12.6,-95.51
2017,17,Houston Texans,16,338,5120,1027,5.0,28,11,313,299,525,3278,28,17,5.7,180,448,1842,8,4.1,86,124,1050,47,29.2,14.6,-78.81
2017,18,Tampa Bay Buccaneers,16,335,5814,1035,5.6,27,13,352,378,605,4366,26,14,6.8,243,390,1448,8,3.7,76,104,795,33,33.7,15.4,-52.32
2017,19,Tennessee Titans,16,334,5024,974,5.2,25,8,290,306,496,3191,14,17,6.0,157,443,1833,18,4.1,97,85,785,36,35.1,12.6,-134.32
2017,20,San Francisco 49ers,16,331,5587,1058,5.3,23,8,321,362,607,3925,15,15,6.0,206,408,1662,15,4.1,88,123,988,27,37.5,12.0,-173.95
2017,21,Green Bay Packers,16,320,4891,999,4.9,25,7,307,352,562,3167,25,18,5.2,176,386,1724,13,4.5,99,96,789,32,30.5,13.2,-61.83
2017,22,Buffalo Bills,16,302,4842,1010,4.8,16,6,278,289,476,2825,16,10,5.4,149,487,2017,12,4.1,105,98,872,24,31.7,8.9,-156.16
2017,23,Oakland Raiders,16,301,5185,952,5.4,28,14,287,347,558,3631,23,14,6.2,178,370,1554,13,4.2,78,114,1009,31,29.2,15.2,-84.71
2017,24,New York Jets,16,298,4884,984,5.0,24,12,269,323,510,3182,19,12,5.7,157,427,1702,13,4.0,77,119,1035,35,28.6,11.1,-119.83
2017,25,Arizona Cardinals,16,295,5026,1060,4.7,25,7,310,339,598,3640,21,18,5.6,200,410,1386,6,3.4,66,110,880,44,29.2,12.4,-185.97
2017,26,Cincinnati Bengals,16,290,4488,927,4.8,23,11,267,304,510,3122,25,12,5.7,165,377,1366,6,3.6,72,110,1027,30,26.5,11.4,-108.45
2017,27,Denver Broncos,16,289,5185,1075,4.8,34,12,297,332,566,3333,19,22,5.4,180,457,1852,8,4.1,92,113,885,25,26.4,16.6,-165.14
2017,28,Miami Dolphins,16,281,4923,995,4.9,29,8,284,373,602,3535,24,21,5.6,187,360,1388,4,3.9,66,137,1154,31,25.8,15.3,-156.17
2017,29,Chicago Bears,16,264,4599,934,4.9,22,10,266,291,473,2811,13,12,5.5,144,422,1788,13,4.2,92,115,943,30,24.1,12.1,-115.20
2017,30,Indianapolis Colts,16,263,4553,994,4.6,15,6,267,285,487,2892,13,9,5.3,148,451,1661,11,3.7,94,92,779,25,29.4,8.3,-189.77
2017,31,New York Giants,16,246,5028,1036,4.9,22,8,271,373,608,3479,20,14,5.4,178,394,1549,6,3.9,66,91,895,27,22.7,11.3,-167.56
2017,32,Cleveland Browns,16,234,4942,1008,4.9,41,13,290,312,574,3228,15,28,5.2,157,384,1714,11,4.5,97,110,924,36,22.0,21.0,-233.13
2016,1,Atlanta Falcons,16,540,6653,995,6.7,11,4,379,374,537,4725,38,7,8.2,239,421,1928,20,4.6,108,104,848,32,52.6,6.3,212.07
2016,2,New Orleans Saints,16,469,6816,1105,6.2,24,9,395,472,674,5074,38,15,7.2,265,404,1742,17,4.3,105,107,969,25,45.9,12.7,76.86
2016,3,New England Patriots,16,441,6180,1056,5.9,11,9,351,368,550,4308,32,2,7.5,203,482,1872,19,3.9,109,93,819,39,42.9,4.9,113.38
2016,4,Green Bay Packers,16,432,5900,1029,5.7,17,9,349,403,620,4199,40,8,6.4,222,374,1701,11,4.5,91,100,827,36,43.8,9.1,115.16
2016,5,Dallas Cowboys,16,421,6027,1010,6.0,15,9,358,325,483,3631,25,6,7.1,191,499,2396,24,4.8,142,105,879,25,43.9,8.7,86.30
2016,6,Arizona Cardinals,16,418,5868,1086,5.4,28,11,368,383,646,4136,28,17,6.0,229,399,1732,20,4.3,97,104,889,42,35.0,14.2,-25.79
2016,7,Oakland Raiders,16,416,5973,1048,5.7,14,7,333,379,596,4051,29,7,6.6,198,434,1922,17,4.4,98,147,1247,37,38.7,7.2,-24.48
2016,8,Indianapolis Colts,16,411,5830,1037,5.6,22,7,351,370,584,4202,32,15,6.7,220,409,1628,13,4.0,93,103,883,38,40.6,12.2,68.23
2016,9,San Diego Chargers,16,410,5708,1014,5.6,35,14,340,349,580,4198,33,21,6.8,214,398,1510,10,3.8,90,107,780,36,38.1,18.2,-29.10
2016,10,Buffalo Bills,16,399,5666,1012,5.6,12,5,328,286,474,3036,17,7,5.8,155,492,2630,29,5.3,146,112,960,27,36.7,6.8,60.85
2016,11,Pittsburgh Steelers,16,399,5962,1026,5.8,18,3,336,381,596,4202,33,15,6.8,210,409,1760,13,4.3,97,112,1068,29,38.5,9.9,-22.48
2016,12,Washington Redskins,16,396,6454,1009,6.4,21,9,345,407,607,4758,25,12,7.6,226,379,1696,17,4.5,89,110,909,30,43.4,11.4,105.24
2016,13,Kansas City Chiefs,16,389,5488,990,5.5,17,9,305,365,546,3740,19,8,6.5,197,412,1748,15,4.2,86,109,848,22,37.1,9.0,-23.04
2016,14,Tennessee Titans,16,381,5728,1008,5.7,18,7,322,307,504,3541,29,11,6.7,175,476,2187,16,4.6,115,110,1012,32,36.4,9.8,-10.00
2016,15,Carolina Panthers,16,369,5499,1052,5.2,29,10,318,306,563,3685,21,19,6.2,194,453,1814,16,4.0,99,98,835,25,34.7,14.0,-81.23
2016,16,Philadelphia Eagles,16,367,5398,1080,5.0,20,6,333,380,609,3585,16,14,5.6,192,438,1813,16,4.1,114,113,945,27,37.6,11.2,-45.33
2016,17,Miami Dolphins,16,363,5324,913,5.8,23,8,278,316,477,3500,27,15,6.9,167,406,1824,14,4.5,90,125,1142,21,30.7,11.1,-48.39
2016,18,Seattle Seahawks,16,354,5715,1012,5.6,18,6,313,368,567,4124,23,12,6.8,203,403,1591,13,3.9,85,117,970,25,37.3,9.7,-11.48
2016,19,Tampa Bay Buccaneers,16,354,5542,1066,5.2,27,9,340,355,578,3926,29,18,6.4,220,453,1616,8,3.6,80,109,926,40,32.4,14.8,-33.29
2016,20,Detroit Lions,16,346,5421,981,5.5,15,5,329,388,594,4111,24,10,6.5,217,350,1310,9,3.7,76,100,861,36,41.0,9.0,30.86
2016,21,Baltimore Ravens,16,343,5563,1079,5.2,23,7,316,439,679,4100,20,16,5.8,205,367,1463,10,4.0,79,125,1111,32,35.6,10.5,-86.39
2016,22,Denver Broncos,16,333,5169,1020,5.1,25,14,290,339,570,3685,20,11,6.0,181,410,1484,11,3.6,76,119,985,33,30.3,11.6,-94.99
2016,23,Minnesota Vikings,16,327,5041,1006,5.0,16,11,303,414,588,3836,20,5,6.1,209,380,1205,9,3.2,66,103,882,28,32.8,7.5,-60.91
2016,24,Cincinnati Bengals,16,325,5711,1050,5.4,17,9,341,364,563,3942,18,8,6.5,204,446,1769,17,4.0,100,88,726,37,35.8,8.5,30.41
2016,25,Jacksonville Jaguars,16,318,5359,1052,5.1,29,13,321,369,626,3728,24,16,5.6,207,392,1631,8,4.2,75,129,1187,39,31.4,13.6,-67.50
2016,26,New York Giants,16,310,5291,1018,5.2,27,11,289,377,598,3879,26,16,6.3,190,398,1412,6,3.5,73,88,857,26,27.5,13.0,-74.19
2016,27,San Francisco 49ers,16,309,4930,996,4.9,25,15,287,287,491,2911,21,10,5.4,152,458,2019,15,4.4,116,99,831,19,27.4,10.7,-75.71
2016,28,Houston Texans,16,279,5035,1071,4.7,24,8,305,347,583,3176,15,16,5.2,173,456,1859,8,4.1,102,87,868,30,31.4,11.4,-102.30
2016,29,Chicago Bears,16,279,5704,967,5.9,31,12,324,347,559,3969,19,19,6.8,212,380,1735,10,4.6,93,110,967,19,27.3,17.4,-70.06
2016,30,New York Jets,16,275,5268,1003,5.3,34,9,291,311,550,3466,16,25,5.9,166,418,1802,10,4.3,97,93,837,28,29.7,17.8,-79.69
2016,31,Cleveland Browns,16,264,4976,983,5.1,25,11,296,338,567,3264,15,14,5.2,181,350,1712,13,4.9,83,95,736,32,27.2,13.3,-72.41
2016,32,Los Angeles Rams,16,224,4203,960,4.4,29,9,245,312,536,2951,14,20,5.0,151,375,1252,9,3.3,68,126,1091,26,21.8,14.5,-190.35
2015,1,Carolina Panthers,16,500,5871,1060,5.5,19,9,357,300,501,3589,35,10,6.7,197,526,2282,19,4.3,136,103,887,24,42.9,9.6,115.28
2015,2,Arizona Cardinals,16,489,6533,1041,6.3,24,11,373,353,562,4616,35,13,7.8,237,452,1917,16,4.2,92,94,758,44,42.5,11.8,148.43
2015,3,New England Patriots,16,465,5991,1050,5.7,14,7,348,404,629,4587,36,7,6.9,230,383,1404,14,3.7,87,96,860,31,43.2,5.7,138.04
2015,4,Seattle Seahawks,16,423,6058,1035,5.9,16,8,335,333,489,3790,34,8,7.1,190,500,2268,10,4.5,128,117,1007,17,42.0,8.6,129.31
2015,5,Pittsburgh Steelers,16,423,6327,1011,6.3,28,7,331,391,590,4603,26,21,7.4,207,388,1724,16,4.4,91,94,868,33,40.5,13.7,22.98
2015,6,New York Giants,16,420,5956,1053,5.7,21,7,331,392,623,4347,36,14,6.7,208,403,1609,5,4.0,77,102,777,46,38.2,11.3,31.24
2015,7,Cincinnati Bengals,16,419,5728,1004,5.7,17,8,324,334,505,3923,31,9,7.3,191,467,1805,18,3.9,99,111,917,34,39.6,9.3,82.59
2015,8,New Orleans Saints,16,408,6461,1096,5.9,20,8,381,460,667,4970,32,12,7.1,247,397,1491,16,3.8,98,130,1112,36,36.3,10.4,146.68
2015,9,Kansas City Chiefs,16,405,5299,955,5.5,15,8,303,310,473,3255,20,7,6.3,155,436,2044,19,4.7,116,104,878,32,37.9,7.1,41.53
2015,10,Washington Redskins,16,388,5661,1011,5.6,22,11,317,386,555,4095,30,11,7.0,208,429,1566,9,3.7,81,105,828,28,36.1,11.1,54.93
2015,11,New York Jets,16,387,5925,1074,5.5,24,8,329,362,604,4057,33,16,6.5,210,448,1868,11,4.2,99,96,787,20,35.7,11.6,72.26
2015,12,Buffalo Bills,16,379,5775,1016,5.7,19,10,297,295,465,3343,23,9,6.6,155,509,2432,19,4.8,122,143,1249,20,34.9,8.6,37.71
2015,13,Philadelphia Eagles,16,377,5830,1102,5.3,31,13,339,405,623,4087,23,18,6.2,193,442,1743,15,3.9,110,104,819,36,29.1,15.3,1.07
2015,14,Jacksonville Jaguars,16,376,5581,1012,5.5,28,10,313,355,607,4108,35,18,6.2,215,354,1473,5,4.2,69,105,880,29,34.2,14.0,-28.13
2015,15,Green Bay Packers,16,368,5353,1056,5.1,17,9,317,348,573,3503,31,8,5.7,173,436,1850,8,4.2,100,105,906,44,33.3,8.9,40.61
2015,16,Minnesota Vikings,16,365,5139,973,5.3,17,8,297,294,454,2928,14,9,5.9,153,474,2211,18,4.7,113,88,797,31,38.4,9.3,29.39
2015,17,Oakland Raiders,16,359,5336,1008,5.3,24,10,300,373,605,3879,34,14,6.1,193,370,1457,7,3.9,74,139,1102,33,31.8,10.3,4.72
2015,18,Detroit Lions,16,358,5547,1030,5.4,24,10,337,420,632,4212,33,14,6.2,236,354,1335,7,3.8,71,104,930,30,34.6,12.3,31.80
2015,19,Denver Broncos,16,355,5688,1056,5.4,31,8,314,368,606,3970,19,23,6.2,201,411,1718,13,4.2,85,115,1063,28,31.2,15.1,-50.98
2015,20,Tampa Bay Buccaneers,16,342,6014,1017,5.9,28,13,336,312,535,3852,22,15,6.9,201,455,2162,12,4.8,99,143,1195,36,35.8,14.8,40.62
2015,21,Atlanta Falcons,16,339,5985,1073,5.6,30,13,359,410,621,4379,21,17,6.7,230,420,1606,13,3.8,95,100,969,34,34.5,17.2,52.68
2015,22,Houston Texans,16,339,5564,1127,4.9,20,8,335,358,619,3833,29,12,5.9,210,472,1731,7,3.7,90,107,910,35,28.9,9.8,-38.02
2015,23,Chicago Bears,16,335,5517,1025,5.4,21,9,312,334,523,3663,21,12,6.6,177,468,1854,13,4.0,108,99,909,27,37.4,11.2,8.41
2015,24,Indianapolis Colts,16,333,5142,1052,4.9,30,11,311,355,619,3704,26,19,5.6,195,396,1438,6,3.6,77,108,931,39,29.4,14.4,-51.38
2015,25,Baltimore Ravens,16,328,5749,1083,5.3,28,7,323,426,676,4271,21,21,6.1,211,383,1478,8,3.9,89,122,1153,23,33.3,14.0,-47.16
2015,26,San Diego Chargers,16,320,5949,1100,5.4,24,11,344,442,667,4591,30,13,6.5,230,393,1358,4,3.5,79,117,942,35,33.7,12.4,10.76
2015,27,Miami Dolphins,16,310,5307,977,5.4,19,7,291,365,588,3811,24,12,6.0,194,344,1496,11,4.3,72,134,1090,25,25.7,9.6,-4.88
2015,28,Tennessee Titans,16,299,4988,976,5.1,33,16,298,342,551,3503,25,17,5.8,195,371,1485,10,4.0,66,93,779,37,25.7,16.2,-89.79
2015,29,St. Louis Rams,16,280,4761,920,5.2,22,11,241,273,473,2805,11,11,5.7,126,429,1956,16,4.6,92,122,1057,23,24.5,10.2,-87.66
2015,30,Cleveland Browns,16,278,5311,1042,5.1,30,18,307,371,609,3782,20,12,5.7,192,380,1529,5,4.0,81,120,1083,34,29.8,15.2,-66.22
2015,31,Dallas Cowboys,16,275,5361,969,5.5,33,11,307,334,528,3471,16,22,6.2,175,408,1890,8,4.6,94,112,882,38,31.4,18.0,-51.92
2015,32,San Francisco 49ers,16,238,4860,969,5.0,17,5,261,322,526,3316,16,12,5.7,154,390,1544,7,4.0,83,113,823,24,25.8,8.2,-46.90