Year,Rank,Team,games_played,points_scored_by_team,yards_per_game,offensive_plays,yards_per_offensive_plays,takeaways,fumbles_lost_by_team,1stD,passes_completed,passes_attempted,yards_gained_by_passing,passing_touchdown,interceptions_thrown,net_yards_gained_per_pass_attempt,first_downs_by_passing,rushing_attempts,rushing_yards_gained,rushing_tds,rushing_yards_per_attempt,first_downs_by_rushing,penalties_commited_by_team,penalties_commited_by_team_yards,first_downs_by_penalty,percent_of_drives_ending_in_offensive_score,percentage_of_drives_ending_in_offensive_turnover,expected_points_contributed_by_all_defense
2020,1,Baltimore Ravens,5,76,1675,333,5.0,10,7,103,128,192,1215,6,3,5.8,73,125,460,3,3.7,22,25,200,8,25.9,18.5,13.49
2020,2,Pittsburgh Steelers,4,87,1206,240,5.0,7,1,76,85,143,950,8,6,5.8,54,77,256,3,3.3,12,21,188,10,31.8,15.9,-6.80
2020,3,Indianapolis Colts,5,88,1330,285,4.7,9,0,82,95,155,898,7,9,5.4,50,119,432,1,3.6,23,29,276,9,30.0,18.0,13.69
2020,4,Tennessee Titans,4,90,1637,264,6.2,9,3,94,97,151,1044,9,6,6.7,59,108,593,3,5.5,32,26,192,3,36.4,18.2,-33.47
2020,5,Los Angeles Rams,5,90,1521,314,4.8,6,2,101,116,181,989,5,4,4.9,57,113,532,5,4.7,37,24,195,7,32.7,11.5,1.73
2020,6,New England Patriots,4,92,1396,229,6.1,8,4,83,84,119,935,9,4,7.5,47,104,461,1,4.4,28,23,181,8,37.5,20.0,-18.77
2020,7,Denver Broncos,4,98,1461,281,5.2,2,1,80,108,166,1025,7,1,5.8,55,105,436,2,4.2,20,35,315,5,38.3,4.3,-13.18
2020,8,Chicago Bears,5,100,1720,331,5.2,5,2,105,109,190,1154,4,3,5.7,62,130,566,4,4.4,26,37,347,17,39.7,8.6,-13.04
2020,9,Green Bay Packers,4,101,1413,233,6.1,3,1,89,96,133,990,7,2,6.8,51,88,423,5,4.8,31,23,196,7,42.5,7.5,-42.20
2020,10,Arizona Cardinals,5,102,1733,319,5.4,3,2,110,104,167,1112,8,1,6.1,61,138,621,3,4.5,36,34,243,13,38.5,3.8,-30.94
2020,11,Kansas City Chiefs,5,110,1914,331,5.8,8,2,108,99,161,1126,7,6,6.5,56,157,788,5,5.0,45,29,224,7,36.5,15.4,-28.74
2020,12,Tampa Bay Buccaneers,5,112,1491,305,4.9,9,3,88,127,179,1199,7,6,6.1,60,109,292,4,2.7,18,32,352,10,31.0,15.5,3.28
2020,13,Miami Dolphins,5,113,1898,306,6.2,8,4,119,109,165,1268,7,4,7.1,62,127,630,8,5.0,45,24,240,12,35.3,15.7,-36.29
2020,14,San Francisco 49ers,5,114,1615,311,5.2,5,2,99,104,160,1078,6,3,6.3,51,141,537,4,3.8,33,29,289,15,41.5,9.4,-10.70
2020,15,Carolina Panthers,5,118,1778,311,5.7,8,5,111,125,182,1111,6,3,5.9,62,124,667,8,5.4,38,24,206,11,43.8,16.7,-37.01
2020,16,Los Angeles Chargers,5,125,1903,336,5.7,4,1,107,135,205,1365,9,3,6.4,76,123,538,3,4.4,27,34,314,4,45.6,7.0,-19.87
2020,17,Cincinnati Bengals,5,126,1938,340,5.7,5,0,111,107,177,1143,7,5,6.1,56,154,795,5,5.2,43,35,278,12,41.4,8.6,-34.70
2020,18,Detroit Lions,4,127,1620,263,6.2,4,0,109,80,126,939,9,4,7.2,59,132,681,6,5.2,39,25,213,11,48.8,9.8,-68.06
2020,19,New York Giants,5,133,1715,322,5.3,6,3,109,113,161,1162,8,3,6.7,67,149,553,6,3.7,35,18,144,7,50.0,10.4,-45.45
2020,20,Seattle Seahawks,5,135,2356,378,6.2,10,3,140,160,239,1852,8,7,7.5,99,130,504,6,3.9,34,27,218,7,46.4,17.9,-50.71
2020,21,Houston Texans,5,140,1937,346,5.6,2,2,122,112,163,1135,9,0,6.4,66,169,802,6,4.7,49,14,111,7,47.1,3.9,-73.54
2020,22,Buffalo Bills,5,142,1859,322,5.8,6,4,120,128,186,1316,10,2,6.7,73,126,543,7,4.3,39,28,256,8,43.9,14.6,-63.93
2020,23,Washington Football Team,5,142,1782,324,5.5,7,1,98,102,156,1134,9,6,6.6,59,153,648,8,4.2,31,30,257,8,40.3,11.3,-21.81
2020,24,Philadelphia Eagles,5,145,1776,344,5.2,5,3,122,127,181,1205,10,2,6.1,80,145,571,8,3.9,29,34,280,13,40.3,6.5,-40.99
2020,25,Jacksonville Jaguars,5,147,2084,314,6.6,5,0,125,122,161,1401,11,5,8.4,69,148,683,5,4.6,41,27,259,15,56.0,10.0,-81.32
2020,26,Cleveland Browns,5,149,1917,339,5.7,12,6,122,141,215,1482,12,6,6.5,87,112,435,5,3.9,30,26,250,5,44.4,22.2,-40.52
2020,27,New Orleans Saints,5,150,1687,325,5.2,5,2,112,109,171,1186,15,3,6.4,66,141,501,4,3.6,26,20,185,20,45.5,7.3,-61.28
2020,28,Las Vegas Raiders,5,152,1968,315,6.2,3,0,115,111,177,1334,7,3,7.3,67,131,634,10,4.8,38,32,402,10,51.0,5.9,-68.38
2020,29,Minnesota Vikings,5,152,2020,330,6.1,4,1,116,114,171,1357,10,3,7.5,64,148,663,5,4.5,43,24,241,9,55.6,5.6,-55.22
2020,30,New York Jets,5,161,1971,327,6.0,7,2,118,120,166,1328,8,5,7.7,70,154,643,9,4.2,30,34,331,18,46.4,12.5,-61.90
2020,31,Atlanta Falcons,5,161,2230,341,6.5,5,3,125,148,205,1679,15,2,7.9,84,129,551,5,4.3,32,30,256,9,50.0,8.9,-79.05
2019,1,New England Patriots,16,225,4414,948,4.7,36,11,261,303,536,2886,13,25,5.0,150,365,1528,7,4.2,72,107,920,39,19.4,17.3,166.75
2019,2,Buffalo Bills,16,259,4772,985,4.8,23,9,295,348,553,3123,15,14,5.2,169,388,1649,12,4.3,93,94,815,33,23.6,12.4,48.85
2019,3,Baltimore Ravens,16,282,4809,921,5.2,25,12,276,318,544,3315,15,13,5.7,163,340,1494,12,4.4,74,97,795,39,32.9,14.6,21.61
2019,4,Chicago Bears,16,298,5186,1017,5.1,19,9,306,362,571,3554,17,10,5.9,190,414,1632,16,3.9,86,113,923,30,31.3,10.6,0.85
2019,5,Minnesota Vikings,16,303,5465,1053,5.2,31,14,324,394,601,3737,23,17,5.8,215,404,1728,8,4.3,78,83,713,31,34.5,17.0,-3.88
2019,6,Pittsburgh Steelers,16,303,4866,1030,4.7,38,18,304,314,514,3113,23,20,5.5,164,462,1753,7,3.8,110,115,1118,30,29.9,19.0,86.78
2019,7,Kansas City Chiefs,16,308,5594,1043,5.4,23,7,344,352,582,3543,21,16,5.7,190,416,2051,14,4.9,115,116,844,39,34.6,13.6,-56.69
2019,8,San Francisco 49ers,16,310,4509,968,4.7,27,15,285,318,519,2707,23,12,4.8,150,401,1802,11,4.5,105,116,957,30,29.0,14.2,84.41
2019,9,Green Bay Packers,16,313,5642,998,5.7,25,8,310,326,546,3721,19,17,6.3,191,411,1921,15,4.7,99,97,968,20,34.3,14.0,-59.65
2019,10,Denver Broncos,16,316,5392,1003,5.4,17,7,305,348,537,3609,19,10,6.3,175,426,1783,9,4.2,96,121,1041,34,37.3,8.4,-31.98
2019,11,Dallas Cowboys,16,321,5232,1015,5.2,17,10,327,370,569,3576,21,7,5.9,188,407,1656,14,4.1,101,102,855,38,35.5,9.9,-31.81
2019,12,Tennessee Titans,16,331,5752,1056,5.4,23,9,335,386,598,4080,25,14,6.4,213,415,1672,14,4.0,95,125,1025,27,32.1,11.8,-49.20
2019,13,New Orleans Saints,16,341,5329,999,5.3,23,10,311,371,603,3868,27,13,5.9,197,345,1461,12,4.2,71,92,713,43,34.7,12.7,-38.89
2019,14,Los Angeles Chargers,16,345,5009,923,5.4,14,3,285,328,464,3204,21,11,6.5,156,429,1805,15,4.2,101,108,959,28,37.3,8.2,-84.11
2019,15,Philadelphia Eagles,16,354,5307,967,5.5,20,9,289,348,571,3865,27,11,6.3,185,353,1442,13,4.1,76,115,959,28,33.9,10.2,-24.57
2019,16,New York Jets,16,359,5170,1037,5.0,21,9,302,363,585,3779,25,12,6.1,187,417,1391,12,3.3,75,107,902,40,34.4,10.1,6.94
2019,17,Los Angeles Rams,16,364,5434,1056,5.1,24,11,324,348,562,3625,23,13,5.9,194,444,1809,15,4.1,100,105,829,30,33.7,12.7,-10.53
2019,18,Indianapolis Colts,16,373,5549,986,5.6,23,8,323,394,562,3982,29,15,6.6,207,383,1567,8,4.1,93,111,1040,23,39.3,13.1,-56.37
2019,19,Houston Texans,16,385,6213,1020,6.1,22,10,346,375,586,4276,33,12,6.9,220,403,1937,12,4.8,98,109,859,28,39.3,13.1,-155.87
2019,20,Cleveland Browns,16,393,5785,1014,5.7,20,6,345,318,513,3470,25,14,6.3,184,463,2315,19,5.0,124,107,836,37,36.9,11.2,-88.15
2019,21,Jacksonville Jaguars,16,397,6007,999,6.0,19,9,340,327,517,3778,22,10,6.7,193,435,2229,23,5.1,114,102,883,33,37.4,9.2,-118.09
2019,22,Seattle Seahawks,16,398,6106,1014,6.0,32,16,346,383,598,4223,19,16,6.7,224,388,1883,22,4.9,97,96,798,25,37.1,16.3,-83.02
2019,23,Atlanta Falcons,16,399,5693,985,5.8,20,8,330,351,536,3918,28,12,6.9,192,421,1775,13,4.2,108,127,1080,30,42.8,9.0,-98.34
2019,24,Oakland Raiders,16,419,5677,963,5.9,15,6,344,337,526,4107,33,9,7.4,201,405,1570,15,3.9,91,91,763,52,41.2,8.5,-159.71
2019,25,Cincinnati Bengals,16,420,6299,1034,6.1,16,5,328,308,499,3917,25,11,7.4,183,504,2382,17,4.7,124,122,988,21,39.8,8.8,-130.66
2019,26,Detroit Lions,16,423,6406,1094,5.9,18,11,365,381,611,4551,33,7,7.1,232,455,1855,13,4.1,94,117,960,39,40.1,9.0,-137.55
2019,27,Washington Redskins,16,435,6162,1079,5.7,22,9,354,371,540,3823,35,13,6.5,200,493,2339,14,4.7,120,94,805,34,42.2,12.1,-132.83
2019,28,Arizona Cardinals,16,442,6432,1080,6.0,17,10,375,421,601,4510,38,7,7.0,243,439,1922,9,4.4,94,114,1041,38,42.6,9.5,-173.55
2019,29,Tampa Bay Buccaneers,16,449,5503,1073,5.1,28,16,331,408,664,4322,30,12,6.1,222,362,1181,11,3.3,70,111,971,39,39.6,13.5,20.23
2019,30,New York Giants,16,451,6037,1061,5.7,16,6,343,369,556,4225,30,10,7.1,211,469,1812,19,3.9,100,117,922,32,39.7,8.7,-104.11
2019,31,Carolina Panthers,16,470,5992,1042,5.8,21,7,355,347,544,3696,21,14,6.2,197,445,2296,31,5.2,128,109,940,30,41.4,9.4,-109.88
2019,32,Miami Dolphins,16,494,6364,1053,6.0,16,3,361,344,545,4198,39,13,7.4,214,485,2166,15,4.5,113,111,1084,34,45.6,8.8,-170.0
2018,1,Chicago Bears,16,283,4795,1004,4.8,36,9,278,377,615,3515,22,27,5.3,186,339,1280,5,3.8,67,114,1022,25,28.6,19.5,95.50
2018,2,Baltimore Ravens,16,287,4687,974,4.8,17,5,286,337,577,3360,21,12,5.4,174,354,1327,11,3.7,82,113,1017,30,29.1,9.5,39.88
2018,3,Tennessee Titans,16,303,5334,1001,5.3,17,6,298,337,533,3471,21,11,6.1,182,429,1863,9,4.3,98,120,984,18,33.1,9.9,-22.13
2018,4,Houston Texans,16,316,5490,1022,5.4,29,14,298,385,594,4167,28,15,6.5,200,385,1323,8,3.4,76,117,945,22,31.6,13.9,-10.29
2018,5,Jacksonville Jaguars,16,316,4983,970,5.1,17,6,288,312,499,3113,17,11,5.8,162,434,1870,16,4.3,89,92,735,37,33.1,8.3,4.66
2018,6,Dallas Cowboys,16,324,5268,981,5.4,20,11,309,367,542,3755,22,9,6.5,193,400,1513,12,3.8,89,89,681,27,36.5,12.0,-52.66
2018,7,New England Patriots,16,325,5746,1002,5.7,28,10,322,370,605,3943,29,18,6.2,208,367,1803,7,4.9,93,91,838,21,32.6,15.0,-32.66
2018,8,Los Angeles Chargers,16,329,5339,981,5.4,20,7,311,351,548,3646,23,13,6.2,178,395,1693,11,4.3,101,103,828,32,33.7,11.8,-38.61
2018,9,Minnesota Vikings,16,341,4955,993,5.0,20,8,303,315,503,3140,15,12,5.7,160,440,1815,13,4.1,107,106,834,36,33.7,10.5,23.15
2018,10,Indianapolis Colts,16,344,5435,997,5.5,26,11,315,384,542,3805,21,15,6.6,203,417,1630,12,3.9,87,131,1115,25,35.5,14.5,-37.23
2018,11,Seattle Seahawks,16,347,5653,955,5.9,26,14,323,355,546,3842,26,12,6.5,201,366,1811,9,4.9,91,108,981,31,35.2,14.2,-61.32
2018,12,Philadelphia Eagles,16,348,5859,1002,5.8,17,7,308,417,626,4308,22,10,6.4,215,332,1551,14,4.7,71,115,995,22,38.6,9.1,-90.19
2018,13,Denver Broncos,16,349,5842,1022,5.7,28,11,318,353,549,3929,26,17,6.6,197,429,1913,11,4.5,85,123,1006,36,34.1,14.1,-39.47
2018,14,New Orleans Saints,16,353,5585,978,5.7,24,12,333,384,573,4302,30,12,6.9,224,356,1283,12,3.6,72,85,814,37,36.0,14.6,-83.80
2018,15,Washington Redskins,16,359,5654,996,5.7,26,11,330,362,537,3794,27,15,6.5,197,413,1860,12,4.5,109,102,791,24,35.1,14.6,-87.52
2018,16,Detroit Lions,16,360,5360,942,5.7,14,7,315,323,496,3599,29,7,6.7,191,403,1761,11,4.4,88,94,886,36,34.5,7.0,-100.68
2018,17,Pittsburgh Steelers,16,360,5235,987,5.3,15,7,317,362,566,3697,27,8,6.0,200,369,1538,13,4.2,84,136,1170,33,33.7,8.2,-52.40
2018,18,Buffalo Bills,16,374,4706,968,4.9,27,11,293,313,492,2867,22,16,5.4,157,440,1839,17,4.2,111,99,976,25,33.3,14.3,20.12
2018,19,Carolina Panthers,16,382,5651,948,6.0,23,10,315,353,529,3847,32,13,6.8,185,384,1804,13,4.7,110,91,805,20,38.0,12.9,-112.34
2018,20,Los Angeles Rams,16,384,5737,960,6.0,30,12,322,347,533,3780,31,18,6.6,185,386,1957,12,5.1,101,99,852,36,38.2,16.9,-74.04
2018,21,Cleveland Browns,16,392,6288,1122,5.6,31,14,377,393,626,4125,21,17,6.2,216,459,2163,20,4.7,130,119,990,31,35.3,15.4,-46.08
2018,22,Green Bay Packers,16,400,5670,1017,5.6,15,8,331,336,527,3752,30,7,6.6,199,446,1918,15,4.3,100,97,792,32,37.9,8.2,-105.40
2018,23,New York Giants,16,412,5942,1034,5.7,21,5,346,362,560,4044,24,16,6.9,205,444,1898,18,4.3,103,110,919,38,40.9,11.6,-107.20
2018,24,Kansas City Chiefs,16,421,6488,1109,5.9,27,12,419,406,632,4374,30,15,6.4,247,425,2114,19,5.0,129,107,881,43,40.8,14.9,-163.28
2018,25,Atlanta Falcons,16,423,6152,1031,6.0,19,4,375,398,585,4153,33,15,6.7,226,409,1999,16,4.9,115,108,1001,34,41.5,10.5,-159.71
2018,26,Arizona Cardinals,16,425,5741,1065,5.4,16,9,357,342,506,3262,21,7,5.9,186,510,2479,25,4.9,139,100,790,32,38.0,8.6,-85.72
2018,27,Miami Dolphins,16,433,6257,1024,6.1,28,7,350,335,508,3932,31,21,7.3,195,485,2325,17,4.8,116,107,856,39,39.9,14.2,-124.79
2018,28,San Francisco 49ers,16,435,5546,1023,5.4,7,5,337,344,542,3732,35,2,6.4,195,444,1814,13,4.1,104,117,1011,38,39.8,3.9,-126.92
2018,29,New York Jets,16,441,6086,1061,5.7,20,7,343,367,582,4065,29,13,6.5,201,440,2021,16,4.6,104,95,817,38,39.1,9.9,-73.31
2018,30,Cincinnati Bengals,16,455,6618,1084,6.1,18,6,372,389,584,4414,32,12,7.1,221,466,2204,17,4.7,125,113,944,26,46.3,10.2,-164.84
2018,31,Tampa Bay Buccaneers,16,464,6134,998,6.1,17,8,356,387,534,4151,34,9,7.3,209,426,1983,19,4.7,122,127,1156,25,40.7,8.2,-152.18
2018,32,Oakland Raiders,16,467,6102,973,6.3,17,3,317,299,480,3853,36,14,7.8,178,480,2249,16,4.7,108,117,991,31,44.3,9.8,-172
2017,1,Los Angeles Rams,16,478,5784,1000,5.8,21,14,311,320,518,3831,28,7,7.0,185,454,1953,17,4.3,97,107,922,29,45.3,9.5,-43.18
2017,2,New England Patriots,16,458,6307,1070,5.9,12,4,389,389,587,4418,32,8,7.1,232,448,1889,16,4.2,107,95,835,50,49.4,6.9,114.84
2017,3,Philadelphia Eagles,16,457,5852,1073,5.5,20,11,338,341,564,3737,38,9,6.2,193,473,2115,9,4.5,108,116,962,37,40.3,9.4,21.06
2017,4,New Orleans Saints,16,448,6259,1000,6.3,18,10,332,386,536,4189,23,8,7.5,201,444,2070,23,4.7,111,105,967,20,44.6,9.1,7.38
2017,5,Jacksonville Jaguars,16,417,5855,1078,5.4,23,10,332,316,527,3593,21,13,6.5,193,527,2262,18,4.3,101,112,936,38,34.7,11.1,-36.01
2017,6,Kansas City Chiefs,16,415,6007,985,6.1,11,3,322,363,543,4104,26,8,7.1,198,405,1903,12,4.7,95,118,1044,29,44.9,6.3,-22.58
2017,7,Detroit Lions,16,410,5404,980,5.5,22,11,296,374,570,4183,29,11,6.8,210,363,1221,10,3.4,58,104,968,28,37.3,11.9,-93.68
2017,8,Pittsburgh Steelers,16,406,6047,1051,5.8,20,5,348,384,590,4380,29,15,7.1,217,437,1667,12,3.8,96,101,897,35,43.0,10.6,-32.55
2017,9,Baltimore Ravens,16,395,4886,1054,4.6,17,4,311,363,567,3030,20,13,5.1,168,460,1856,14,4.0,111,91,749,32,36.5,8.9,-132.06
2017,10,Minnesota Vikings,16,382,5710,1055,5.4,14,6,334,357,527,3753,25,8,6.8,196,501,1957,15,3.9,100,100,949,38,38.9,7.6,-54.08
2017,11,Seattle Seahawks,16,366,5286,1007,5.2,17,5,299,340,555,3657,34,12,6.1,183,409,1629,4,4.0,85,148,1342,31,30.5,8.6,-78.12
2017,12,Carolina Panthers,16,363,5179,1026,5.0,22,6,320,293,501,3077,22,16,5.7,167,490,2102,15,4.3,121,83,682,32,37.4,11.7,-100.34
2017,13,Los Angeles Chargers,16,355,6026,1020,5.9,15,4,337,366,583,4431,28,11,7.4,220,419,1595,10,3.8,84,108,927,33,33.3,8.5,-17.69
2017,14,Dallas Cowboys,16,354,5311,1005,5.3,22,9,314,309,493,3141,22,13,6.0,162,480,2170,18,4.5,127,97,939,25,36.3,11.1,-40.65
2017,15,Atlanta Falcons,16,353,5837,984,5.9,18,6,330,343,530,3990,21,12,7.2,200,430,1847,12,4.3,101,102,918,29,41.2,10.3,-46.05
2017,16,Washington Redskins,16,342,5199,982,5.3,27,14,278,347,540,3751,27,13,6.5,191,401,1448,10,3.6,66,92,733,21,31.9,12.6,-95.51
2017,17,Houston Texans,16,338,5120,1027,5.0,28,11,313,299,525,3278,28,17,5.7,180,448,1842,8,4.1,86,124,1050,47,29.2,14.6,-78.81
2017,18,Tampa Bay Buccaneers,16,335,5814,1035,5.6,27,13,352,378,605,4366,26,14,6.8,243,390,1448,8,3.7,76,104,795,33,33.7,15.4,-52.32
2017,19,Tennessee Titans,16,334,5024,974,5.2,25,8,290,306,496,3191,14,17,6.0,157,443,1833,18,4.1,97,85,785,36,35.1,12.6,-134.32
2017,20,San Francisco 49ers,16,331,5587,1058,5.3,23,8,321,362,607,3925,15,15,6.0,206,408,1662,15,4.1,88,123,988,27,37.5,12.0,-173.95
2017,21,Green Bay Packers,16,320,4891,999,4.9,25,7,307,352,562,3167,25,18,5.2,176,386,1724,13,4.5,99,96,789,32,30.5,13.2,-61.83
2017,22,Buffalo Bills,16,302,4842,1010,4.8,16,6,278,289,476,2825,16,10,5.4,149,487,2017,12,4.1,105,98,872,24,31.7,8.9,-156.16
2017,23,Oakland Raiders,16,301,5185,952,5.4,28,14,287,347,558,3631,23,14,6.2,178,370,1554,13,4.2,78,114,1009,31,29.2,15.2,-84.71
2017,24,New York Jets,16,298,4884,984,5.0,24,12,269,323,510,3182,19,12,5.7,157,427,1702,13,4.0,77,119,1035,35,28.6,11.1,-119.83
2017,25,Arizona Cardinals,16,295,5026,1060,4.7,25,7,310,339,598,3640,21,18,5.6,200,410,1386,6,3.4,66,110,880,44,29.2,12.4,-185.97
2017,26,Cincinnati Bengals,16,290,4488,927,4.8,23,11,267,304,510,3122,25,12,5.7,165,377,1366,6,3.6,72,110,1027,30,26.5,11.4,-108.45
2017,27,Denver Broncos,16,289,5185,1075,4.8,34,12,297,332,566,3333,19,22,5.4,180,457,1852,8,4.1,92,113,885,25,26.4,16.6,-165.14
2017,28,Miami Dolphins,16,281,4923,995,4.9,29,8,284,373,602,3535,24,21,5.6,187,360,1388,4,3.9,66,137,1154,31,25.8,15.3,-156.17
2017,29,Chicago Bears,16,264,4599,934,4.9,22,10,266,291,473,2811,13,12,5.5,144,422,1788,13,4.2,92,115,943,30,24.1,12.1,-115.20
2017,30,Indianapolis Colts,16,263,4553,994,4.6,15,6,267,285,487,2892,13,9,5.3,148,451,1661,11,3.7,94,92,779,25,29.4,8.3,-189.77
2017,31,New York Giants,16,246,5028,1036,4.9,22,8,271,373,608,3479,20,14,5.4,178,394,1549,6,3.9,66,91,895,27,22.7,11.3,-167.56
2017,32,Cleveland Browns,16,234,4942,1008,4.9,41,13,290,312,574,3228,15,28,5.2,157,384,1714,11,4.5,97,110,924,36,22.0,21,-233.13
2016,1,New England Patriots,16,250,5223,998,5.2,23,10,294,368,596,3806,21,13,6.0,190,368,1417,6,3.9,81,113,930,23,26.8,11.2,108.15
2016,2,New York Giants,16,284,5435,1062,5.1,25,8,298,369,630,4018,15,17,6.0,191,397,1417,10,3.6,82,104,853,25,29.9,12.2,98.26
2016,3,Seattle Seahawks,16,292,5099,1020,5.0,19,8,307,331,537,3612,16,11,6.2,180,441,1487,16,3.4,94,103,925,33,28.3,10.3,69.70
2016,4,Denver Broncos,16,297,5057,1076,4.7,27,13,306,306,552,2972,13,14,5.0,169,482,2085,15,4.3,101,110,990,36,29.4,12.2,144.49
2016,5,Dallas Cowboys,16,306,5503,1009,5.5,20,11,330,425,633,4167,25,9,6.2,226,340,1336,9,3.9,79,90,784,25,35.1,11.3,-27.42
2016,6,Minnesota Vikings,16,307,5038,993,5.1,27,13,304,332,548,3327,22,14,5.6,186,404,1711,9,4.2,87,99,825,31,33.3,14.1,97.72
2016,7,Kansas City Chiefs,16,311,5896,1063,5.5,33,15,342,350,598,3958,23,18,6.3,209,437,1938,10,4.4,102,109,797,31,31.9,16.5,59.03
2016,8,Cincinnati Bengals,16,315,5612,1038,5.4,20,3,327,374,593,3800,22,17,6.1,196,412,1812,12,4.4,95,105,950,36,34.7,11.4,-0.36
2016,9,Baltimore Ravens,16,321,5154,993,5.2,28,10,294,369,578,3724,28,18,6.1,190,384,1430,10,3.7,74,94,900,30,28.1,14.1,50.21
2016,10,Pittsburgh Steelers,16,327,5482,997,5.5,23,10,313,381,590,3882,20,13,6.2,184,369,1600,15,4.3,95,109,920,34,34.5,11.9,13.12
2016,11,Houston Texans,16,328,4821,950,5.1,17,6,272,319,522,3226,20,11,5.8,157,397,1595,13,4.0,87,114,949,28,31.7,9.1,88.96
2016,12,Philadelphia Eagles,16,331,5484,978,5.6,26,10,300,333,553,3832,25,16,6.5,177,391,1652,10,4.2,89,99,837,34,33.9,13.4,25.90
2016,13,Detroit Lions,16,358,5676,964,5.9,14,4,333,399,549,3975,33,10,6.9,206,389,1701,8,4.4,99,122,979,28,39.4,8.8,-88.00
2016,14,Arizona Cardinals,16,362,4883,1019,4.8,28,14,293,344,547,3365,21,14,5.7,175,424,1518,16,3.6,90,123,1010,28,32.5,12.9,81.68
2016,15,Tampa Bay Buccaneers,16,369,5887,1013,5.8,29,12,326,347,548,4012,24,17,6.8,203,427,1875,15,4.4,102,121,1061,21,35.9,14.7,39.69
2016,16,Tennessee Titans,16,378,5720,1031,5.5,18,6,324,388,635,4307,25,12,6.4,227,356,1413,10,4.0,70,137,1191,27,35.0,9.0,8.52
2016,17,Buffalo Bills,16,378,5712,1019,5.6,18,6,338,306,511,3582,19,12,6.5,183,469,2130,21,4.5,122,106,884,33,38.8,9.3,46.56
2016,18,Miami Dolphins,16,380,6122,1088,5.6,25,9,349,368,591,3875,30,16,6.2,199,464,2247,12,4.8,109,109,919,41,35.1,12.9,-16.46
2016,19,Washington Redskins,16,383,6046,1050,5.8,21,8,368,387,589,4130,22,13,6.6,225,423,1916,19,4.5,109,100,1023,34,38.5,11.8,-32.66
2016,20,Oakland Raiders,16,385,6001,987,6.1,30,14,318,328,541,4120,27,16,7.3,188,421,1881,18,4.5,94,115,1062,36,35.3,14.2,-28.15
2016,21,Green Bay Packers,16,388,5823,987,5.9,25,8,329,370,571,4308,32,17,7.1,227,376,1515,11,4.0,80,109,964,22,41.0,13.9,-29.27
2016,22,Indianapolis Colts,16,392,6126,1024,6.0,17,9,353,378,582,4200,27,8,6.8,225,409,1926,12,4.7,93,125,1155,35,41.5,9.7,-46.92
2016,23,Los Angeles Rams,16,394,5392,1037,5.2,18,8,325,378,582,3732,32,10,6.1,194,424,1660,12,3.9,91,108,920,40,31.3,9.4,-2.88
2016,24,Chicago Bears,16,399,5548,1012,5.5,11,3,322,342,530,3598,22,8,6.3,188,445,1950,18,4.4,99,103,959,35,42.0,6.3,-68.19
2016,25,Jacksonville Jaguars,16,400,5147,1030,5.0,13,6,305,345,551,3444,20,7,5.9,174,446,1703,17,3.8,93,101,948,38,39.3,5.8,40.52
2016,26,Carolina Panthers,16,402,5756,1035,5.6,27,10,329,409,612,4291,27,17,6.5,223,376,1465,11,3.9,90,112,907,16,36.2,13.8,57.81
2016,27,Atlanta Falcons,16,406,5939,1059,5.6,22,10,358,422,655,4267,31,12,6.2,232,370,1672,15,4.5,95,113,974,31,39.2,11.4,-34.14
2016,28,New York Jets,16,409,5479,1000,5.5,14,6,318,347,545,3898,30,8,6.8,203,428,1581,11,3.7,86,74,651,29,37.7,7.1,-55.99
2016,29,San Diego Chargers,16,423,5554,1025,5.4,28,10,329,364,580,3987,21,18,6.5,204,410,1567,20,3.8,98,119,837,27,39.8,14.5,71.88
2016,30,Cleveland Browns,16,452,6279,1067,5.9,13,3,364,347,543,3996,36,10,7.0,220,498,2283,18,4.6,121,104,930,23,40.8,6.1,-128.14
2016,31,New Orleans Saints,16,454,6006,1008,6.0,21,12,353,378,582,4380,27,9,7.2,230,396,1626,19,4.1,91,104,881,32,45.3,12.2,-61.65
2016,32,San Francisco 49ers,16,480,6502,1102,5.9,20,10,358,322,521,3848,30,10,6.9,187,548,2654,25,4.8,140,93,795,31,41.4,9.4,-52.22
2015,1,Seattle Seahawks,16,277,4668,947,4.9,23,9,273,333,548,3364,14,14,5.8,175,362,1304,10,3.6,71,94,795,27,29.3,13.2,59.08
2015,2,Cincinnati Bengals,16,279,5453,1032,5.3,28,7,307,415,646,3976,18,21,5.8,202,344,1477,8,4.3,74,116,1063,31,28.9,15.0,40.96
2015,3,Kansas City Chiefs,16,287,5269,1037,5.1,29,7,313,349,607,3698,25,22,5.7,193,383,1571,7,4.1,86,110,941,34,27.3,15.3,105.76
2015,4,Denver Broncos,16,296,4530,1033,4.4,27,13,289,344,573,3193,19,14,5.1,162,408,1337,10,3.3,81,104,773,46,26.9,11.9,141.46
2015,5,Minnesota Vikings,16,302,5510,1015,5.4,22,9,318,359,561,3762,24,13,6.2,189,411,1748,7,4.3,94,109,875,35,33.3,11.9,11.53
2015,6,Carolina Panthers,16,308,5167,1058,4.9,39,15,298,390,650,3752,21,24,5.4,198,364,1415,11,3.9,74,99,822,26,26.5,19.4,117.70
2015,7,Arizona Cardinals,16,313,5147,982,5.2,33,14,284,343,573,3687,24,19,6.1,177,373,1460,9,3.9,79,130,1202,28,31.7,16.7,34.93
2015,8,Houston Texans,16,313,4963,986,5.0,25,11,281,326,553,3366,24,14,5.6,173,388,1597,10,4.1,79,116,991,29,27.3,11.1,46.60
2015,9,New York Jets,16,314,5098,1013,5.0,30,12,271,343,601,3763,25,18,5.9,185,373,1335,4,3.6,62,90,767,24,28.4,14.4,59.35
2015,10,New England Patriots,16,315,5430,1042,5.2,21,9,303,361,596,3852,24,12,6.0,204,397,1578,8,4.0,77,112,1013,22,28.9,10.5,27.26
2015,11,Pittsburgh Steelers,16,319,5809,1055,5.5,30,13,327,402,625,4350,29,17,6.5,231,382,1459,6,3.8,71,121,1199,25,32.3,14.3,37.09
2015,12,Green Bay Packers,16,323,5547,1014,5.5,22,6,300,321,551,3642,20,16,6.1,183,420,1905,13,4.5,96,120,1107,21,31.3,11.5,-9.81
2015,13,St. Louis Rams,16,330,5885,1091,5.4,26,13,320,399,597,4065,21,13,6.4,192,453,1820,7,4.0,98,109,992,30,31.8,12.1,35.44
2015,14,Atlanta Falcons,16,345,5562,996,5.6,23,8,335,370,561,3882,19,15,6.7,197,416,1680,20,4.0,107,95,728,31,34.3,13.4,-27.98
2015,15,Buffalo Bills,16,359,5702,1017,5.6,25,8,322,347,602,3972,30,17,6.4,198,394,1730,10,4.4,87,113,906,37,32.5,11.0,-32.74
2015,16,Dallas Cowboys,16,374,5567,997,5.6,11,3,317,330,506,3636,19,8,6.8,172,460,1931,16,4.2,113,113,900,32,36.7,5.6,-52.80
2015,17,Washington Redskins,16,379,6090,1010,6.0,27,16,329,354,566,4128,30,11,6.8,202,406,1962,10,4.8,103,112,955,24,35.4,14.9,-55.35
2015,18,San Francisco 49ers,16,387,6199,1081,5.7,12,3,356,375,549,4179,21,9,7.2,199,504,2020,20,4.0,128,112,920,29,37.9,6.6,-84.98
2015,19,Miami Dolphins,16,389,6019,1076,5.6,16,3,351,350,542,4000,31,13,7.0,203,503,2019,13,4.0,112,121,1005,36,34.0,8.4,-105.08
2015,20,Chicago Bears,16,397,5527,981,5.6,17,9,307,322,513,3593,31,8,6.6,182,433,1934,9,4.5,103,98,895,22,36.6,8.0,-70.66
2015,21,San Diego Chargers,16,398,5791,959,6.0,20,9,299,328,510,3786,22,11,7.0,170,417,2005,17,4.8,101,120,976,28,37.8,10.0,-81.04
2015,22,Oakland Raiders,16,399,5818,1085,5.4,25,11,344,404,641,4140,25,14,6.1,206,406,1678,12,4.1,94,104,943,44,38.2,11.5,-38.94
2015,23,Detroit Lions,16,400,5597,999,5.6,19,10,319,360,528,3789,27,9,6.6,191,428,1808,18,4.2,96,96,785,32,38.2,9.1,-73.05
2015,24,Baltimore Ravens,16,401,5398,1000,5.4,14,8,311,350,545,3737,30,6,6.4,189,418,1661,10,4.0,80,103,748,42,37.4,7.0,-71.18
2015,25,Indianapolis Colts,16,408,6066,1072,5.7,25,8,331,354,585,4114,29,17,6.6,210,452,1952,14,4.3,89,133,1168,32,36.6,12.4,-26.88
2015,26,Tampa Bay Buccaneers,16,417,5446,1045,5.2,23,12,351,378,541,3840,31,11,6.6,208,466,1606,12,3.4,104,104,862,39,41.7,12.8,-79.88
2015,27,Tennessee Titans,16,423,5475,1004,5.5,19,8,317,319,503,3678,34,11,6.8,192,462,1797,11,3.9,101,112,982,24,36.6,8.1,-54.91
2015,28,Philadelphia Eagles,16,430,6426,1148,5.6,26,11,365,394,633,4273,36,15,6.4,239,478,2153,10,4.5,100,123,1049,26,36.0,11.8,-74.73
2015,29,Cleveland Browns,16,432,6067,998,6.1,21,10,321,322,511,4012,34,11,7.4,186,458,2055,11,4.5,104,108,833,31,41.9,11.7,-95.96
2015,30,New York Giants,16,442,6725,1105,6.1,28,13,367,423,638,4783,31,15,7.2,236,444,1942,15,4.4,104,120,1077,27,40.5,14.2,-103.42
2015,31,Jacksonville Jaguars,16,448,6000,1102,5.4,18,9,362,390,602,4291,29,9,6.7,222,464,1709,15,3.7,102,114,989,38,38.1,8.8,-75.65
2015,32,New Orleans Saints,16,476,6615,997,6.6,22,13,380,372,544,4544,45,9,7.9,223,422,2071,12,4.9,103,114,887,54,43.9,11.7,-180.12